-- phpMyAdmin SQL Dump
-- version 5.2.0
-- https://www.phpmyadmin.net/
--
-- Host: localhost:3306
-- Generation Time: May 19, 2025 at 01:42 PM
-- Server version: 8.0.30
-- PHP Version: 8.2.27

SET SQL_MODE = "NO_AUTO_VALUE_ON_ZERO";
START TRANSACTION;
SET time_zone = "+00:00";


/*!40101 SET @OLD_CHARACTER_SET_CLIENT=@@CHARACTER_SET_CLIENT */;
/*!40101 SET @OLD_CHARACTER_SET_RESULTS=@@CHARACTER_SET_RESULTS */;
/*!40101 SET @OLD_COLLATION_CONNECTION=@@COLLATION_CONNECTION */;
/*!40101 SET NAMES utf8mb4 */;

--
-- Database: `gading`
--

-- --------------------------------------------------------

--
-- Table structure for table `cache`
--

CREATE TABLE `cache` (
  `key` varchar(255) COLLATE utf8mb4_unicode_ci NOT NULL,
  `value` mediumtext COLLATE utf8mb4_unicode_ci NOT NULL,
  `expiration` int NOT NULL
) ENGINE=InnoDB DEFAULT CHARSET=utf8mb4 COLLATE=utf8mb4_unicode_ci;

--
-- Dumping data for table `cache`
--

INSERT INTO `cache` (`key`, `value`, `expiration`) VALUES
('lv:v3.15.5:file:0ff4cdb5-laravel.log:ecf8427e:chunk:0', 'a:51:{i:1746718282;a:1:{s:4:\"INFO\";a:7:{i:0;i:0;i:1;i:1237;i:2;i:1306;i:3;i:1376;i:4;i:1436;i:5;i:1530;i:6;i:1577;}}i:1746718283;a:1:{s:4:\"INFO\";a:4:{i:7;i:1630;i:8;i:1754;i:9;i:1832;i:10;i:1881;}}i:1746718306;a:1:{s:4:\"INFO\";a:4:{i:11;i:1934;i:12;i:2058;i:13;i:2136;i:14;i:2185;}}i:1746718368;a:1:{s:4:\"INFO\";a:4:{i:15;i:2238;i:16;i:3475;i:17;i:3544;i:18;i:3614;}}i:1746718369;a:1:{s:4:\"INFO\";a:3:{i:19;i:3674;i:20;i:3768;i:21;i:3815;}}i:1746718375;a:1:{s:4:\"INFO\";a:5:{i:22;i:3868;i:23;i:3997;i:24;i:4063;i:25;i:4212;i:26;i:4272;}}i:1746718387;a:1:{s:4:\"INFO\";a:8:{i:27;i:4324;i:28;i:5566;i:29;i:5635;i:30;i:5701;i:31;i:5770;i:32;i:5829;i:33;i:5994;i:34;i:6054;}}i:1746718388;a:1:{s:4:\"INFO\";a:8:{i:35;i:6106;i:36;i:7349;i:37;i:7418;i:38;i:7484;i:39;i:7553;i:40;i:7612;i:41;i:7777;i:42;i:7837;}}i:1746718411;a:1:{s:4:\"INFO\";a:5:{i:43;i:7889;i:44;i:8018;i:45;i:8084;i:46;i:8233;i:47;i:8293;}}i:1746718426;a:1:{s:4:\"INFO\";a:7:{i:48;i:8345;i:49;i:9583;i:50;i:9652;i:51;i:9722;i:52;i:9782;i:53;i:9876;i:54;i:9923;}}i:1746718435;a:1:{s:4:\"INFO\";a:8:{i:55;i:9976;i:56;i:11220;i:57;i:11289;i:58;i:11382;i:59;i:11451;i:60;i:11510;i:61;i:11646;i:62;i:11720;}}i:1746718446;a:1:{s:4:\"INFO\";a:8:{i:63;i:11772;i:64;i:13016;i:65;i:13085;i:66;i:13178;i:67;i:13247;i:68;i:13306;i:69;i:13442;i:70;i:13516;}}i:1746718447;a:1:{s:4:\"INFO\";a:3:{i:71;i:13568;i:72;i:14806;i:73;i:14875;}}i:1746718448;a:1:{s:4:\"INFO\";a:4:{i:74;i:14945;i:75;i:15005;i:76;i:15099;i:77;i:15146;}}i:1746718458;a:1:{s:4:\"INFO\";a:8:{i:78;i:15199;i:79;i:16453;i:80;i:16522;i:81;i:16610;i:82;i:16679;i:83;i:16738;i:84;i:16874;i:85;i:16948;}}i:1746718469;a:1:{s:4:\"INFO\";a:8:{i:86;i:17000;i:87;i:18254;i:88;i:18323;i:89;i:18411;i:90;i:18481;i:91;i:18541;i:92;i:18677;i:93;i:18751;}}i:1746718969;a:1:{s:4:\"INFO\";a:8:{i:94;i:18804;i:95;i:20058;i:96;i:20127;i:97;i:20215;i:98;i:20285;i:99;i:20345;i:100;i:20481;i:101;i:20555;}}i:1746718971;a:1:{s:4:\"INFO\";a:8:{i:102;i:20608;i:103;i:21863;i:104;i:21932;i:105;i:22020;i:106;i:22090;i:107;i:22150;i:108;i:22286;i:109;i:22360;}}i:1746718973;a:1:{s:4:\"INFO\";a:8:{i:110;i:22413;i:111;i:23667;i:112;i:23736;i:113;i:23824;i:114;i:23894;i:115;i:23954;i:116;i:24090;i:117;i:24164;}}i:1746718974;a:1:{s:4:\"INFO\";a:8:{i:118;i:24217;i:119;i:25472;i:120;i:25541;i:121;i:25629;i:122;i:25699;i:123;i:25759;i:124;i:25895;i:125;i:25969;}}i:1746718976;a:1:{s:4:\"INFO\";a:1:{i:126;i:26022;}}i:1746718977;a:1:{s:4:\"INFO\";a:7:{i:127;i:27276;i:128;i:27345;i:129;i:27433;i:130;i:27503;i:131;i:27563;i:132;i:27699;i:133;i:27773;}}i:1746718978;a:1:{s:4:\"INFO\";a:8:{i:134;i:27826;i:135;i:29081;i:136;i:29150;i:137;i:29238;i:138;i:29308;i:139;i:29368;i:140;i:29504;i:141;i:29578;}}i:1746719028;a:1:{s:4:\"INFO\";a:18:{i:142;i:29631;i:143;i:30885;i:144;i:30954;i:145;i:31042;i:146;i:31112;i:147;i:31173;i:148;i:31233;i:149;i:31512;i:150;i:31598;i:151;i:31651;i:152;i:32906;i:153;i:32975;i:154;i:33063;i:155;i:33133;i:156;i:33195;i:157;i:33254;i:158;i:33533;i:159;i:33621;}}i:1746719029;a:1:{s:4:\"INFO\";a:18:{i:160;i:33673;i:161;i:34929;i:162;i:34998;i:163;i:35086;i:164;i:35156;i:165;i:35219;i:166;i:35278;i:167;i:35557;i:168;i:35647;i:169;i:35699;i:170;i:36956;i:171;i:37025;i:172;i:37113;i:173;i:37183;i:174;i:37247;i:175;i:37306;i:176;i:37585;i:177;i:37677;}}i:1746719030;a:1:{s:4:\"INFO\";a:9:{i:178;i:37729;i:179;i:38987;i:180;i:39056;i:181;i:39144;i:182;i:39214;i:183;i:39279;i:184;i:39338;i:185;i:39617;i:186;i:39711;}}i:1746719031;a:1:{s:4:\"INFO\";a:18:{i:187;i:39763;i:188;i:41020;i:189;i:41089;i:190;i:41177;i:191;i:41247;i:192;i:41311;i:193;i:41370;i:194;i:41649;i:195;i:41741;i:196;i:41793;i:197;i:43049;i:198;i:43118;i:199;i:43206;i:200;i:43276;i:201;i:43339;i:202;i:43398;i:203;i:43677;i:204;i:43767;}}i:1746719032;a:1:{s:4:\"INFO\";a:16:{i:205;i:43819;i:206;i:45074;i:207;i:45143;i:208;i:45231;i:209;i:45301;i:210;i:45361;i:211;i:45497;i:212;i:45571;i:213;i:45624;i:214;i:46878;i:215;i:46947;i:216;i:47035;i:217;i:47105;i:218;i:47165;i:219;i:47301;i:220;i:47375;}}i:1746719033;a:1:{s:4:\"INFO\";a:18:{i:221;i:47428;i:222;i:48685;i:223;i:48754;i:224;i:48842;i:225;i:48912;i:226;i:48976;i:227;i:49035;i:228;i:49314;i:229;i:49406;i:230;i:49458;i:231;i:50716;i:232;i:50785;i:233;i:50873;i:234;i:50943;i:235;i:51008;i:236;i:51067;i:237;i:51346;i:238;i:51440;}}i:1746719036;a:1:{s:4:\"INFO\";a:9:{i:239;i:51492;i:240;i:52749;i:241;i:52818;i:242;i:52906;i:243;i:52976;i:244;i:53040;i:245;i:53099;i:246;i:53378;i:247;i:53470;}}i:1746719037;a:1:{s:4:\"INFO\";a:9:{i:248;i:53522;i:249;i:54778;i:250;i:54847;i:251;i:54935;i:252;i:55005;i:253;i:55068;i:254;i:55127;i:255;i:55406;i:256;i:55496;}}i:1746719038;a:1:{s:4:\"INFO\";a:17:{i:257;i:55548;i:258;i:56803;i:259;i:56872;i:260;i:56960;i:261;i:57030;i:262;i:57092;i:263;i:57151;i:264;i:57430;i:265;i:57518;i:266;i:57570;i:267;i:58824;i:268;i:58893;i:269;i:58981;i:270;i:59051;i:271;i:59111;i:272;i:59247;i:273;i:59321;}}i:1746719039;a:1:{s:4:\"INFO\";a:8:{i:274;i:59374;i:275;i:60629;i:276;i:60698;i:277;i:60786;i:278;i:60856;i:279;i:60916;i:280;i:61052;i:281;i:61126;}}i:1746719042;a:1:{s:4:\"INFO\";a:18:{i:282;i:61179;i:283;i:62433;i:284;i:62502;i:285;i:62590;i:286;i:62660;i:287;i:62721;i:288;i:62780;i:289;i:63059;i:290;i:63145;i:291;i:63197;i:292;i:64453;i:293;i:64522;i:294;i:64610;i:295;i:64680;i:296;i:64743;i:297;i:64802;i:298;i:65081;i:299;i:65171;}}i:1746719043;a:1:{s:4:\"INFO\";a:9:{i:300;i:65223;i:301;i:66480;i:302;i:66549;i:303;i:66637;i:304;i:66707;i:305;i:66771;i:306;i:66830;i:307;i:67109;i:308;i:67201;}}i:1746719044;a:1:{s:4:\"INFO\";a:9:{i:309;i:67253;i:310;i:68509;i:311;i:68578;i:312;i:68666;i:313;i:68736;i:314;i:68799;i:315;i:68858;i:316;i:69137;i:317;i:69227;}}i:1746719045;a:1:{s:4:\"INFO\";a:9:{i:318;i:69279;i:319;i:70533;i:320;i:70602;i:321;i:70690;i:322;i:70760;i:323;i:70821;i:324;i:70880;i:325;i:71159;i:326;i:71245;}}i:1746719046;a:1:{s:4:\"INFO\";a:8:{i:327;i:71297;i:328;i:72552;i:329;i:72621;i:330;i:72709;i:331;i:72779;i:332;i:72839;i:333;i:72975;i:334;i:73049;}}i:1746719138;a:1:{s:4:\"INFO\";a:7:{i:335;i:73102;i:336;i:74339;i:337;i:74408;i:338;i:74478;i:339;i:74538;i:340;i:74632;i:341;i:74679;}}i:1746719144;a:1:{s:4:\"INFO\";a:7:{i:342;i:74732;i:343;i:75969;i:344;i:76038;i:345;i:76108;i:346;i:76168;i:347;i:76262;i:348;i:76309;}}i:1746719146;a:1:{s:4:\"INFO\";a:7:{i:349;i:76362;i:350;i:77600;i:351;i:77669;i:352;i:77739;i:353;i:77799;i:354;i:77893;i:355;i:77940;}}i:1746719183;a:1:{s:4:\"INFO\";a:4:{i:356;i:77993;i:357;i:79230;i:358;i:79299;i:359;i:79369;}}i:1746719184;a:1:{s:4:\"INFO\";a:3:{i:360;i:79429;i:361;i:79523;i:362;i:79570;}}i:1746719185;a:1:{s:4:\"INFO\";a:7:{i:363;i:79623;i:364;i:80860;i:365;i:80929;i:366;i:80999;i:367;i:81059;i:368;i:81153;i:369;i:81200;}}i:1746719187;a:1:{s:4:\"INFO\";a:7:{i:370;i:81253;i:371;i:82491;i:372;i:82560;i:373;i:82630;i:374;i:82690;i:375;i:82784;i:376;i:82831;}}i:1746719189;a:1:{s:4:\"INFO\";a:7:{i:377;i:82884;i:378;i:84121;i:379;i:84190;i:380;i:84260;i:381;i:84320;i:382;i:84414;i:383;i:84461;}}i:1746719190;a:1:{s:4:\"INFO\";a:4:{i:384;i:84514;i:385;i:85752;i:386;i:85821;i:387;i:85891;}}i:1746719191;a:1:{s:4:\"INFO\";a:3:{i:388;i:85951;i:389;i:86045;i:390;i:86092;}}i:1746719264;a:1:{s:4:\"INFO\";a:7:{i:391;i:86145;i:392;i:87382;i:393;i:87451;i:394;i:87521;i:395;i:87581;i:396;i:87675;i:397;i:87722;}}i:1746719311;a:1:{s:4:\"INFO\";a:7:{i:398;i:87775;i:399;i:89012;i:400;i:89081;i:401;i:89151;i:402;i:89211;i:403;i:89305;i:404;i:89352;}}i:1746719314;a:1:{s:4:\"INFO\";a:7:{i:405;i:89405;i:406;i:90642;i:407;i:90711;i:408;i:90781;i:409;i:90841;i:410;i:90935;i:411;i:90982;}}}', 1747325307),
('lv:v3.15.5:file:0ff4cdb5-laravel.log:ecf8427e:metadata', 'a:9:{s:5:\"query\";N;s:10:\"identifier\";s:8:\"ecf8427e\";s:26:\"last_scanned_file_position\";i:91035;s:18:\"last_scanned_index\";i:412;s:24:\"next_log_index_to_create\";i:412;s:14:\"max_chunk_size\";i:50000;s:19:\"current_chunk_index\";i:0;s:17:\"chunk_definitions\";a:0:{}s:24:\"current_chunk_definition\";a:5:{s:5:\"index\";i:0;s:4:\"size\";i:412;s:18:\"earliest_timestamp\";i:1746718282;s:16:\"latest_timestamp\";i:1746719314;s:12:\"level_counts\";a:1:{s:4:\"INFO\";i:412;}}}', 1747325307),
('lv:v3.15.5:file:0ff4cdb5-laravel.log:metadata', 'a:8:{s:4:\"type\";s:7:\"laravel\";s:4:\"name\";s:11:\"laravel.log\";s:4:\"path\";s:61:\"D:\\PROKER\\PROJEK\\Aplikasi\\gading-app\\storage\\logs\\laravel.log\";s:4:\"size\";i:91035;s:18:\"earliest_timestamp\";i:1746718282;s:16:\"latest_timestamp\";i:1746719314;s:26:\"last_scanned_file_position\";i:91035;s:15:\"related_indices\";a:1:{s:8:\"ecf8427e\";a:2:{s:5:\"query\";N;s:26:\"last_scanned_file_position\";i:91035;}}}', 1747325307);

-- --------------------------------------------------------

--
-- Table structure for table `cache_locks`
--

CREATE TABLE `cache_locks` (
  `key` varchar(255) COLLATE utf8mb4_unicode_ci NOT NULL,
  `owner` varchar(255) COLLATE utf8mb4_unicode_ci NOT NULL,
  `expiration` int NOT NULL
) ENGINE=InnoDB DEFAULT CHARSET=utf8mb4 COLLATE=utf8mb4_unicode_ci;

-- --------------------------------------------------------

--
-- Table structure for table `customers`
--

CREATE TABLE `customers` (
  `id` bigint UNSIGNED NOT NULL,
  `nama` varchar(255) COLLATE utf8mb4_unicode_ci NOT NULL,
  `telepon` varchar(255) COLLATE utf8mb4_unicode_ci NOT NULL,
  `email` varchar(255) COLLATE utf8mb4_unicode_ci DEFAULT NULL,
  `jenis_pelanggan` varchar(255) COLLATE utf8mb4_unicode_ci DEFAULT NULL,
  `alamat` text COLLATE utf8mb4_unicode_ci NOT NULL,
  `deleteSts` tinyint NOT NULL DEFAULT '0',
  `createdBy` varchar(250) COLLATE utf8mb4_unicode_ci DEFAULT NULL,
  `updatedBy` varchar(250) COLLATE utf8mb4_unicode_ci DEFAULT NULL,
  `created_at` timestamp NULL DEFAULT NULL,
  `updated_at` timestamp NULL DEFAULT NULL
) ENGINE=InnoDB DEFAULT CHARSET=utf8mb4 COLLATE=utf8mb4_unicode_ci;

--
-- Dumping data for table `customers`
--

INSERT INTO `customers` (`id`, `nama`, `telepon`, `email`, `jenis_pelanggan`, `alamat`, `deleteSts`, `createdBy`, `updatedBy`, `created_at`, `updated_at`) VALUES
(22, 'Azzanty', '082226582306', '-', 'baru', 'JL.Gading Printing', 0, 'Haris', NULL, '2025-05-04 07:04:50', '2025-05-04 07:04:50'),
(23, 'Haris', '082226582306', '-', 'baru', 'JL.MUGAS BARAT X NO 21', 0, 'Haris', NULL, '2025-05-04 07:06:31', '2025-05-04 07:06:31'),
(24, 'haris', '0', '-', 'baru', 'tt', 0, 'Haris', NULL, '2025-05-04 07:34:08', '2025-05-04 07:34:08'),
(25, 'haris', '099', '-', 'baru', 'test', 0, 'Haris', NULL, '2025-05-04 07:38:29', '2025-05-04 07:38:29'),
(26, 'HARIS', '321', '-', 'baru', 'ASD', 0, 'Haris', NULL, '2025-05-04 07:41:25', '2025-05-04 07:41:25'),
(27, 'haris', '890', '-', 'baru', 'test', 0, 'Haris', NULL, '2025-05-04 07:43:39', '2025-05-04 07:43:39'),
(28, 'haris', '89080', '-', 'baru', 'test', 0, 'Haris', NULL, '2025-05-04 07:46:45', '2025-05-04 07:46:45'),
(29, 'dsa', '89080', '-', 'baru', 'test', 0, 'Haris', NULL, '2025-05-04 07:47:34', '2025-05-04 07:47:34'),
(30, 'test', '231', '-', 'baru', 'dsa', 0, 'Haris', NULL, '2025-05-04 07:50:45', '2025-05-04 07:50:45'),
(31, 'haris', '980801', '-', 'baru', 'test', 0, 'Haris', NULL, '2025-05-04 07:54:50', '2025-05-04 07:54:50'),
(32, 'haris', '0808', '-', 'baru', 'test', 0, 'Haris', NULL, '2025-05-04 08:01:57', '2025-05-04 08:01:57'),
(33, 'test', '1231', '-', 'baru', 'DASD', 0, 'Haris', NULL, '2025-05-04 08:04:45', '2025-05-04 08:04:45'),
(34, 'haris', '8080', '-', 'baru', 'test', 0, 'Haris', NULL, '2025-05-04 08:07:03', '2025-05-04 08:07:03'),
(35, 'haris', '090', '-', 'baru', 'test', 0, 'Haris', NULL, '2025-05-04 08:12:40', '2025-05-04 08:12:40'),
(36, 'haris', '08080', '-', 'baru', 'test', 0, 'Haris', NULL, '2025-05-04 08:14:53', '2025-05-04 08:14:53'),
(37, 'haris', '12345678', '-', 'baru', 'test', 0, 'Haris', NULL, '2025-05-04 08:20:29', '2025-05-04 08:20:29'),
(38, 'haris', '988', '-', 'baru', 'test', 0, 'Haris', NULL, '2025-05-04 08:24:00', '2025-05-04 08:24:00'),
(39, 'haris', '0000', '-', 'baru', 'tes', 0, 'Haris', NULL, '2025-05-04 08:27:51', '2025-05-04 08:27:51'),
(40, 'haris', '000', '-', 'baru', 'test', 0, 'Haris', NULL, '2025-05-04 08:28:38', '2025-05-04 08:28:38'),
(41, 'haris', '0808080', '-', 'baru', 'test', 0, 'uhuy', NULL, '2025-05-07 09:31:54', '2025-05-07 09:31:54'),
(42, 'haris', '8908', '-', 'baru', 'test', 0, 'uhuy', NULL, '2025-05-07 09:36:36', '2025-05-07 09:36:36'),
(43, 'haris', '0909090', '-', 'baru', 'test', 0, 'uhuy', NULL, '2025-05-11 01:01:24', '2025-05-11 01:01:24'),
(44, 'haris', '08122321', '-', 'baru', 'test', 0, 'uhuy', NULL, '2025-05-11 01:03:56', '2025-05-11 01:03:56'),
(45, 'haris', '98989', '-', 'baru', 'tet', 0, 'uhuy', NULL, '2025-05-11 01:05:12', '2025-05-11 01:05:12'),
(46, 'haris', '081', '-', 'baru', 'TEST', 0, 'uhuy', NULL, '2025-05-11 01:08:48', '2025-05-11 01:08:48'),
(47, 'HARIS', '6767676', '-', 'baru', 'TETS', 0, 'uhuy', NULL, '2025-05-11 01:11:13', '2025-05-11 01:11:13'),
(48, 'test', '89890', '-', 'baru', 'etes', 0, 'uhuy', NULL, '2025-05-17 08:25:00', '2025-05-17 08:25:00'),
(49, 'dsada', '32131', '-', 'baru', 'dsa', 0, 'uhuy', NULL, '2025-05-17 08:28:21', '2025-05-17 08:28:21'),
(50, 'dsa', '231', '-', 'baru', 'dsa', 0, 'uhuy', NULL, '2025-05-17 08:31:23', '2025-05-17 08:31:23'),
(51, 'haris', '23131', '-', 'baru', 'dsadas', 0, 'uhuy', NULL, '2025-05-17 08:38:32', '2025-05-17 08:38:32'),
(52, 'eqwe', '12321', '-', 'baru', 'ddsad', 0, 'uhuy', NULL, '2025-05-17 08:41:44', '2025-05-17 08:41:44'),
(53, 'haris', '321312', '-', 'baru', 'dsadsa', 0, 'uhuy', NULL, '2025-05-17 08:42:59', '2025-05-17 08:42:59'),
(54, 'haris', '3213', '-', 'baru', 'sdad', 0, 'uhuy', NULL, '2025-05-17 08:46:03', '2025-05-17 08:46:03'),
(55, 'test', '321312', '-', 'baru', 'dsdasasd', 0, 'uhuy', NULL, '2025-05-17 08:49:25', '2025-05-17 08:49:25'),
(56, 'haris', '312123', '-', 'baru', 'dasdsa', 0, 'uhuy', NULL, '2025-05-17 08:54:16', '2025-05-17 08:54:16'),
(57, 'haris', '23312', '-', 'baru', 'sdad', 0, 'uhuy', NULL, '2025-05-17 08:55:49', '2025-05-17 08:55:49'),
(58, 'haris', '2313', '-', 'baru', 'sdad', 0, 'uhuy', NULL, '2025-05-17 08:56:18', '2025-05-17 08:56:18'),
(59, 'haris', '231', '-', 'baru', 'dsads', 0, 'uhuy', NULL, '2025-05-17 08:57:07', '2025-05-17 08:57:07'),
(60, 'haris', '3123', '-', 'baru', 'dsadas', 0, 'uhuy', NULL, '2025-05-17 09:00:51', '2025-05-17 09:00:51'),
(61, 'haris', '321321', '-', 'baru', 'sda', 0, 'uhuy', NULL, '2025-05-17 09:05:05', '2025-05-17 09:05:05'),
(62, 'haris', '32132', '-', 'baru', 'dsadsa', 0, 'uhuy', NULL, '2025-05-17 09:05:43', '2025-05-17 09:05:43'),
(63, 'sdda', '082226582306', '-', 'baru', 'ss', 0, 'uhuy', NULL, '2025-05-17 09:06:30', '2025-05-17 09:06:30'),
(64, 'haris', 'ewqe', '-', 'baru', 'das', 0, 'uhuy', NULL, '2025-05-17 09:10:50', '2025-05-17 09:10:50'),
(65, 'test', '312321', '-', 'baru', 'dsada', 0, 'uhuy', NULL, '2025-05-17 09:11:25', '2025-05-17 09:11:25'),
(66, 'dsadas', '231321', '-', 'baru', 'sdad', 0, 'uhuy', NULL, '2025-05-17 09:15:08', '2025-05-17 09:15:08'),
(67, 'dsad', '32131', '-', 'baru', 'dsasda', 0, 'uhuy', NULL, '2025-05-17 09:19:46', '2025-05-17 09:19:46'),
(68, 'haris', '231312', '-', 'baru', 'dsadsa', 0, 'uhuy', NULL, '2025-05-17 09:20:22', '2025-05-17 09:20:22'),
(69, 'qewqe', '231', '-', 'baru', 'dsa', 0, 'uhuy', NULL, '2025-05-17 09:25:57', '2025-05-17 09:25:57'),
(70, 'haris', '32123', '-', 'baru', 'dassas', 0, 'uhuy', NULL, '2025-05-17 09:29:07', '2025-05-17 09:29:07'),
(71, 'dad', '321', '-', 'baru', 'dsa', 0, 'uhuy', NULL, '2025-05-17 09:30:05', '2025-05-17 09:30:05'),
(72, 'dasda', '3213', '-', 'baru', 'dsad', 0, 'uhuy', NULL, '2025-05-17 09:30:48', '2025-05-17 09:30:48');

-- --------------------------------------------------------

--
-- Table structure for table `failed_jobs`
--

CREATE TABLE `failed_jobs` (
  `id` bigint UNSIGNED NOT NULL,
  `uuid` varchar(255) COLLATE utf8mb4_unicode_ci NOT NULL,
  `connection` text COLLATE utf8mb4_unicode_ci NOT NULL,
  `queue` text COLLATE utf8mb4_unicode_ci NOT NULL,
  `payload` longtext COLLATE utf8mb4_unicode_ci NOT NULL,
  `exception` longtext COLLATE utf8mb4_unicode_ci NOT NULL,
  `failed_at` timestamp NOT NULL DEFAULT CURRENT_TIMESTAMP
) ENGINE=InnoDB DEFAULT CHARSET=utf8mb4 COLLATE=utf8mb4_unicode_ci;

-- --------------------------------------------------------

--
-- Table structure for table `historynotas`
--

CREATE TABLE `historynotas` (
  `id` bigint UNSIGNED NOT NULL,
  `transaction_id` bigint UNSIGNED NOT NULL,
  `customer_id` bigint UNSIGNED NOT NULL,
  `nota_file` varchar(255) COLLATE utf8mb4_unicode_ci NOT NULL,
  `tanggal_cetak` timestamp NULL DEFAULT NULL,
  `deleteSts` tinyint NOT NULL DEFAULT '0',
  `createdBy` varchar(255) COLLATE utf8mb4_unicode_ci DEFAULT NULL,
  `updatedBy` varchar(255) COLLATE utf8mb4_unicode_ci DEFAULT NULL,
  `created_at` timestamp NULL DEFAULT NULL,
  `updated_at` timestamp NULL DEFAULT NULL
) ENGINE=InnoDB DEFAULT CHARSET=utf8mb4 COLLATE=utf8mb4_unicode_ci;

--
-- Dumping data for table `historynotas`
--

INSERT INTO `historynotas` (`id`, `transaction_id`, `customer_id`, `nota_file`, `tanggal_cetak`, `deleteSts`, `createdBy`, `updatedBy`, `created_at`, `updated_at`) VALUES
(25, 46, 22, 'nota_20250504_140450_E2R5s.html', '2025-05-04 07:04:51', 0, 'Haris', 'Haris', '2025-05-04 07:04:51', '2025-05-04 07:04:51'),
(26, 47, 23, 'nota_20250504_140631_WrjWg.html', '2025-05-04 07:06:31', 0, 'Haris', 'Haris', '2025-05-04 07:06:31', '2025-05-04 07:06:31'),
(27, 48, 24, 'nota_20250504_143408_MXDjz.pdf', '2025-05-04 07:34:08', 0, 'Haris', 'Haris', '2025-05-04 07:34:08', '2025-05-04 07:34:08'),
(28, 53, 28, 'nota_20250504_144645_o83Z2.pdf', '2025-05-04 07:46:45', 0, 'Haris', 'Haris', '2025-05-04 07:46:45', '2025-05-04 07:46:45'),
(29, 54, 29, 'nota_20250504_144734_wXHNM.pdf', '2025-05-04 07:47:34', 0, 'Haris', 'Haris', '2025-05-04 07:47:34', '2025-05-04 07:47:34'),
(30, 55, 30, 'nota_20250504_145045_vEvJl.pdf', '2025-05-04 07:51:44', 0, 'Haris', 'Haris', '2025-05-04 07:51:44', '2025-05-04 07:51:44'),
(31, 56, 31, 'nota_20250504_145450_RG6ej.pdf', '2025-05-04 07:54:51', 0, 'Haris', 'Haris', '2025-05-04 07:54:51', '2025-05-04 07:54:51'),
(32, 57, 32, 'nota_20250504_150158_zpqWD.pdf', '2025-05-04 08:01:58', 0, 'Haris', 'Haris', '2025-05-04 08:01:58', '2025-05-04 08:01:58'),
(33, 58, 33, 'nota_20250504_150445_obL1R.pdf', '2025-05-04 08:04:46', 0, 'Haris', 'Haris', '2025-05-04 08:04:46', '2025-05-04 08:04:46'),
(34, 59, 34, 'nota_20250504_150704_haris.pdf', '2025-05-04 08:07:04', 0, 'Haris', 'Haris', '2025-05-04 08:07:04', '2025-05-04 08:07:04'),
(35, 60, 35, 'nota_20250504_151240_harissda .pdf', '2025-05-04 08:12:41', 0, 'Haris', 'Haris', '2025-05-04 08:12:41', '2025-05-04 08:12:41'),
(36, 61, 36, 'nota_20250504_151453_harissda .pdf', '2025-05-04 08:14:54', 0, 'Haris', 'Haris', '2025-05-04 08:14:54', '2025-05-04 08:14:54'),
(37, 62, 37, 'nota_20250504_152029_harissda .pdf', '2025-05-04 08:20:29', 0, 'Haris', 'Haris', '2025-05-04 08:20:29', '2025-05-04 08:20:29'),
(38, 63, 38, 'nota_20250504_152400_haris.pdf', '2025-05-04 08:24:00', 0, 'Haris', 'Haris', '2025-05-04 08:24:00', '2025-05-04 08:24:00'),
(39, 64, 39, 'nota_20250504_152751_haris.pdf', '2025-05-04 08:27:52', 0, 'Haris', 'Haris', '2025-05-04 08:27:52', '2025-05-04 08:27:52'),
(40, 65, 40, 'nota_20250504_152838_haris.pdf', '2025-05-04 08:28:38', 0, 'Haris', 'Haris', '2025-05-04 08:28:38', '2025-05-04 08:28:38'),
(41, 66, 39, 'nota_20250504_153220_haris.pdf', '2025-05-04 08:32:21', 0, 'Haris', 'Haris', '2025-05-04 08:32:21', '2025-05-04 08:32:21'),
(42, 67, 41, 'nota_20250507_163155_haris.pdf', '2025-05-07 09:31:57', 0, 'uhuy', 'uhuy', '2025-05-07 09:31:57', '2025-05-07 09:31:57'),
(43, 68, 42, 'nota_20250507_163636_haris.pdf', '2025-05-07 09:36:36', 0, 'uhuy', 'uhuy', '2025-05-07 09:36:36', '2025-05-07 09:36:36'),
(44, 69, 43, 'nota_20250511_080124_haris.pdf', '2025-05-11 01:01:26', 0, 'uhuy', 'uhuy', '2025-05-11 01:01:26', '2025-05-11 01:01:26'),
(45, 75, 47, 'nota_20250511_081114_haris.pdf', '2025-05-11 01:11:14', 0, 'uhuy', 'uhuy', '2025-05-11 01:11:14', '2025-05-11 01:11:14'),
(46, 76, 48, 'nota_20250517_152500_test.pdf', '2025-05-17 08:25:01', 0, 'uhuy', 'uhuy', '2025-05-17 08:25:01', '2025-05-17 08:25:01'),
(47, 77, 49, 'nota_20250517_152821_dsada.pdf', '2025-05-17 08:28:21', 0, 'uhuy', 'uhuy', '2025-05-17 08:28:21', '2025-05-17 08:28:21'),
(48, 78, 26, 'nota_20250517_152939_haris.pdf', '2025-05-17 08:29:39', 0, 'uhuy', 'uhuy', '2025-05-17 08:29:39', '2025-05-17 08:29:39'),
(49, 79, 50, 'nota_20250517_153123_dsa.pdf', '2025-05-17 08:31:23', 0, 'uhuy', 'uhuy', '2025-05-17 08:31:23', '2025-05-17 08:31:23'),
(50, 80, 49, 'nota_20250517_153523_dsada.pdf', '2025-05-17 08:35:23', 0, 'uhuy', 'uhuy', '2025-05-17 08:35:23', '2025-05-17 08:35:23'),
(51, 81, 51, 'nota_20250517_153832_haris.pdf', '2025-05-17 08:38:32', 0, 'uhuy', 'uhuy', '2025-05-17 08:38:32', '2025-05-17 08:38:32'),
(52, 82, 26, 'nota_20250517_153907_haris.pdf', '2025-05-17 08:39:07', 0, 'uhuy', 'uhuy', '2025-05-17 08:39:07', '2025-05-17 08:39:07'),
(53, 83, 52, 'nota_20250517_154144_eqwe.pdf', '2025-05-17 08:41:44', 0, 'uhuy', 'uhuy', '2025-05-17 08:41:44', '2025-05-17 08:41:44'),
(54, 84, 53, 'nota_20250517_154259_haris.pdf', '2025-05-17 08:42:59', 0, 'uhuy', 'uhuy', '2025-05-17 08:42:59', '2025-05-17 08:42:59'),
(55, 85, 54, 'nota_20250517_154604_haris.pdf', '2025-05-17 08:46:04', 0, 'uhuy', 'uhuy', '2025-05-17 08:46:04', '2025-05-17 08:46:04'),
(56, 86, 55, 'nota_20250517_154925_test.pdf', '2025-05-17 08:49:25', 0, 'uhuy', 'uhuy', '2025-05-17 08:49:25', '2025-05-17 08:49:25'),
(57, 87, 56, 'nota_20250517_155416_haris.pdf', '2025-05-17 08:54:16', 0, 'uhuy', 'uhuy', '2025-05-17 08:54:16', '2025-05-17 08:54:16'),
(58, 88, 26, 'nota_20250517_155510_haris.pdf', '2025-05-17 08:55:10', 0, 'uhuy', 'uhuy', '2025-05-17 08:55:10', '2025-05-17 08:55:10'),
(59, 89, 57, 'nota_20250517_155549_haris.pdf', '2025-05-17 08:55:49', 0, 'uhuy', 'uhuy', '2025-05-17 08:55:49', '2025-05-17 08:55:49'),
(60, 90, 58, 'nota_20250517_155618_haris.pdf', '2025-05-17 08:56:18', 0, 'uhuy', 'uhuy', '2025-05-17 08:56:18', '2025-05-17 08:56:18'),
(61, 91, 59, 'nota_20250517_155707_haris.pdf', '2025-05-17 08:57:07', 0, 'uhuy', 'uhuy', '2025-05-17 08:57:07', '2025-05-17 08:57:07'),
(62, 92, 58, 'nota_20250517_155735_haris.pdf', '2025-05-17 08:57:35', 0, 'uhuy', 'uhuy', '2025-05-17 08:57:35', '2025-05-17 08:57:35'),
(63, 93, 58, 'nota_20250517_155851_haris.pdf', '2025-05-17 08:58:51', 0, 'uhuy', 'uhuy', '2025-05-17 08:58:51', '2025-05-17 08:58:51'),
(64, 94, 59, 'nota_20250517_155925_haris.pdf', '2025-05-17 08:59:25', 0, 'uhuy', 'uhuy', '2025-05-17 08:59:25', '2025-05-17 08:59:25'),
(65, 95, 23, 'nota_20250517_160001_haris.pdf', '2025-05-17 09:00:01', 0, 'uhuy', 'uhuy', '2025-05-17 09:00:01', '2025-05-17 09:00:01'),
(66, 96, 60, 'nota_20250517_160051_haris.pdf', '2025-05-17 09:00:51', 0, 'uhuy', 'uhuy', '2025-05-17 09:00:51', '2025-05-17 09:00:51'),
(67, 97, 26, 'nota_20250517_160227_haris.pdf', '2025-05-17 09:02:27', 0, 'uhuy', 'uhuy', '2025-05-17 09:02:27', '2025-05-17 09:02:27'),
(68, 98, 61, 'nota_20250517_160505_haris.pdf', '2025-05-17 09:05:05', 0, 'uhuy', 'uhuy', '2025-05-17 09:05:05', '2025-05-17 09:05:05'),
(69, 99, 62, 'nota_20250517_160543_haris.pdf', '2025-05-17 09:05:43', 0, 'uhuy', 'uhuy', '2025-05-17 09:05:43', '2025-05-17 09:05:43'),
(70, 100, 63, 'nota_20250517_160630_sdda.pdf', '2025-05-17 09:06:30', 0, 'uhuy', 'uhuy', '2025-05-17 09:06:30', '2025-05-17 09:06:30'),
(71, 101, 54, 'nota_20250517_160726_haris.pdf', '2025-05-17 09:07:26', 0, 'uhuy', 'uhuy', '2025-05-17 09:07:26', '2025-05-17 09:07:26'),
(72, 102, 64, 'nota_20250517_161050_haris.pdf', '2025-05-17 09:10:50', 0, 'uhuy', 'uhuy', '2025-05-17 09:10:50', '2025-05-17 09:10:50'),
(73, 103, 65, 'nota_20250517_161125_test.pdf', '2025-05-17 09:11:25', 0, 'uhuy', 'uhuy', '2025-05-17 09:11:25', '2025-05-17 09:11:25'),
(74, 104, 66, 'nota_20250517_161508_dsadas.pdf', '2025-05-17 09:15:08', 0, 'uhuy', 'uhuy', '2025-05-17 09:15:08', '2025-05-17 09:15:08'),
(75, 105, 67, 'nota_20250517_161946_dsad.pdf', '2025-05-17 09:19:46', 0, 'uhuy', 'uhuy', '2025-05-17 09:19:46', '2025-05-17 09:19:46'),
(76, 106, 68, 'nota_20250517_162022_haris.pdf', '2025-05-17 09:20:22', 0, 'uhuy', 'uhuy', '2025-05-17 09:20:22', '2025-05-17 09:20:22'),
(77, 107, 23, 'nota_20250517_162414_haris.pdf', '2025-05-17 09:24:14', 0, 'uhuy', 'uhuy', '2025-05-17 09:24:14', '2025-05-17 09:24:14'),
(78, 108, 23, 'nota_20250517_162528_haris.pdf', '2025-05-17 09:25:28', 0, 'uhuy', 'uhuy', '2025-05-17 09:25:28', '2025-05-17 09:25:28'),
(79, 109, 69, 'nota_20250517_162557_qewqe.pdf', '2025-05-17 09:25:57', 0, 'uhuy', 'uhuy', '2025-05-17 09:25:57', '2025-05-17 09:25:57'),
(80, 110, 26, 'nota_20250517_162621_haris.pdf', '2025-05-17 09:26:21', 0, 'uhuy', 'uhuy', '2025-05-17 09:26:21', '2025-05-17 09:26:21'),
(81, 111, 23, 'nota_20250517_162722_haris.pdf', '2025-05-17 09:27:22', 0, 'uhuy', 'uhuy', '2025-05-17 09:27:22', '2025-05-17 09:27:22'),
(82, 112, 23, 'nota_20250517_162811_haris.pdf', '2025-05-17 09:28:11', 0, 'uhuy', 'uhuy', '2025-05-17 09:28:11', '2025-05-17 09:28:11'),
(83, 113, 70, 'nota_20250517_162907_haris.pdf', '2025-05-17 09:29:07', 0, 'uhuy', 'uhuy', '2025-05-17 09:29:07', '2025-05-17 09:29:07'),
(84, 114, 59, 'nota_20250517_162934_haris.pdf', '2025-05-17 09:29:34', 0, 'uhuy', 'uhuy', '2025-05-17 09:29:34', '2025-05-17 09:29:34'),
(85, 115, 71, 'nota_20250517_163005_dad.pdf', '2025-05-17 09:30:05', 0, 'uhuy', 'uhuy', '2025-05-17 09:30:05', '2025-05-17 09:30:05'),
(86, 116, 72, 'nota_20250517_163048_dasda.pdf', '2025-05-17 09:30:48', 0, 'uhuy', 'uhuy', '2025-05-17 09:30:48', '2025-05-17 09:30:48');

-- --------------------------------------------------------

--
-- Table structure for table `history_payments`
--

CREATE TABLE `history_payments` (
  `id` bigint UNSIGNED NOT NULL,
  `customer_name` varchar(255) COLLATE utf8mb4_unicode_ci NOT NULL,
  `telepon` varchar(255) COLLATE utf8mb4_unicode_ci NOT NULL,
  `email` varchar(255) COLLATE utf8mb4_unicode_ci DEFAULT NULL,
  `jenis_pelanggan` varchar(255) COLLATE utf8mb4_unicode_ci DEFAULT NULL,
  `alamat` text COLLATE utf8mb4_unicode_ci NOT NULL,
  `subtotal` decimal(15,2) NOT NULL DEFAULT '0.00',
  `total` decimal(15,2) NOT NULL DEFAULT '0.00',
  `biaya_desain` decimal(15,2) NOT NULL DEFAULT '0.00',
  `diskon` decimal(15,2) NOT NULL DEFAULT '0.00',
  `dp` decimal(15,2) NOT NULL DEFAULT '0.00',
  `metode_pembayaran` varchar(255) COLLATE utf8mb4_unicode_ci NOT NULL,
  `bukti_pembayaran` varchar(255) COLLATE utf8mb4_unicode_ci DEFAULT NULL,
  `jumlah_item` int NOT NULL DEFAULT '0',
  `tanggal_transaksi` timestamp NOT NULL DEFAULT CURRENT_TIMESTAMP,
  `deleteSts` tinyint NOT NULL DEFAULT '0',
  `createdBy` varchar(250) COLLATE utf8mb4_unicode_ci DEFAULT NULL,
  `updatedBy` varchar(250) COLLATE utf8mb4_unicode_ci DEFAULT NULL,
  `created_at` timestamp NULL DEFAULT NULL,
  `updated_at` timestamp NULL DEFAULT NULL
) ENGINE=InnoDB DEFAULT CHARSET=utf8mb4 COLLATE=utf8mb4_unicode_ci;

--
-- Dumping data for table `history_payments`
--

INSERT INTO `history_payments` (`id`, `customer_name`, `telepon`, `email`, `jenis_pelanggan`, `alamat`, `subtotal`, `total`, `biaya_desain`, `diskon`, `dp`, `metode_pembayaran`, `bukti_pembayaran`, `jumlah_item`, `tanggal_transaksi`, `deleteSts`, `createdBy`, `updatedBy`, `created_at`, `updated_at`) VALUES
(40, 'Azzanty', '082226582306', '-', 'baru', 'JL.Gading Printing', '250000.00', '250000.00', '0.00', '0.00', '0.00', 'tunai', NULL, 1, '2025-05-04 07:04:50', 0, 'Haris', 'Haris', '2025-05-04 07:04:50', '2025-05-04 07:04:50'),
(41, 'Haris', '082226582306', '-', 'baru', 'JL.MUGAS BARAT X NO 21', '385000.00', '770000.00', '20000.00', '0.00', '385000.00', 'tunai', NULL, 2, '2025-05-04 07:06:31', 0, 'Haris', 'Haris', '2025-05-04 07:06:31', '2025-05-04 07:06:31'),
(42, 'haris', '0', '-', 'baru', 'tt', '1250000.00', '2500000.00', '0.00', '0.00', '1250000.00', 'tunai', NULL, 1, '2025-05-04 07:34:08', 0, 'Haris', 'Haris', '2025-05-04 07:34:08', '2025-05-04 07:34:08'),
(43, 'haris', '099', '-', 'baru', 'test', '1250000.00', '2500000.00', '0.00', '0.00', '1250000.00', 'tunai', NULL, 1, '2025-05-04 07:38:29', 0, 'Haris', 'Haris', '2025-05-04 07:38:29', '2025-05-04 07:38:29'),
(44, 'haris', '099', '-', 'baru', 'test', '1250000.00', '2500000.00', '0.00', '0.00', '1250000.00', 'tunai', NULL, 1, '2025-05-04 07:40:26', 0, 'Haris', 'Haris', '2025-05-04 07:40:26', '2025-05-04 07:40:26'),
(45, 'HARIS', '321', '-', 'baru', 'ASD', '1250000.00', '2500000.00', '0.00', '0.00', '1250000.00', 'tunai', NULL, 1, '2025-05-04 07:41:25', 0, 'Haris', 'Haris', '2025-05-04 07:41:25', '2025-05-04 07:41:25'),
(46, 'haris', '890', '-', 'baru', 'test', '250000.00', '500000.00', '0.00', '0.00', '250000.00', 'tunai', NULL, 1, '2025-05-04 07:43:39', 0, 'Haris', 'Haris', '2025-05-04 07:43:39', '2025-05-04 07:43:39'),
(47, 'haris', '89080', '-', 'baru', 'test', '1250000.00', '2500000.00', '0.00', '0.00', '1250000.00', 'tunai', NULL, 1, '2025-05-04 07:46:45', 0, 'Haris', 'Haris', '2025-05-04 07:46:45', '2025-05-04 07:46:45'),
(48, 'dsa', '89080', '-', 'baru', 'test', '1250000.00', '2500000.00', '0.00', '0.00', '1250000.00', 'tunai', NULL, 1, '2025-05-04 07:47:34', 0, 'Haris', 'Haris', '2025-05-04 07:47:34', '2025-05-04 07:47:34'),
(49, 'test', '231', '-', 'baru', 'dsa', '25000.00', '25000.00', '0.00', '0.00', '0.00', 'tunai', NULL, 1, '2025-05-04 07:50:45', 0, 'Haris', 'Haris', '2025-05-04 07:50:45', '2025-05-04 07:50:45'),
(50, 'haris', '980801', '-', 'baru', 'test', '250000.00', '500000.00', '0.00', '0.00', '250000.00', 'tunai', NULL, 1, '2025-05-04 07:54:50', 0, 'Haris', 'Haris', '2025-05-04 07:54:50', '2025-05-04 07:54:50'),
(51, 'haris', '0808', '-', 'baru', 'test', '1250000.00', '2500000.00', '0.00', '0.00', '1250000.00', 'tunai', NULL, 1, '2025-05-04 08:01:57', 0, 'Haris', 'Haris', '2025-05-04 08:01:57', '2025-05-04 08:01:57'),
(52, 'test', '1231', '-', 'baru', 'DASD', '250000.00', '500000.00', '0.00', '0.00', '250000.00', 'tunai', NULL, 1, '2025-05-04 08:04:45', 0, 'Haris', 'Haris', '2025-05-04 08:04:45', '2025-05-04 08:04:45'),
(53, 'haris', '8080', '-', 'baru', 'test', '125000.00', '125000.00', '0.00', '0.00', '0.00', 'tunai', NULL, 1, '2025-05-04 08:07:04', 0, 'Haris', 'Haris', '2025-05-04 08:07:04', '2025-05-04 08:07:04'),
(54, 'haris', '090', '-', 'baru', 'test', '250000.00', '500000.00', '0.00', '0.00', '250000.00', 'tunai', NULL, 1, '2025-05-04 08:12:40', 0, 'Haris', 'Haris', '2025-05-04 08:12:40', '2025-05-04 08:12:40'),
(55, 'haris', '08080', '-', 'baru', 'test', '1250000.00', '2500000.00', '0.00', '0.00', '1250000.00', 'tunai', NULL, 1, '2025-05-04 08:14:53', 0, 'Haris', 'Haris', '2025-05-04 08:14:53', '2025-05-04 08:14:53'),
(56, 'haris', '12345678', '-', 'baru', 'test', '1250000.00', '2500000.00', '0.00', '0.00', '1250000.00', 'tunai', NULL, 1, '2025-05-04 08:20:29', 0, 'Haris', 'Haris', '2025-05-04 08:20:29', '2025-05-04 08:20:29'),
(57, 'haris', '988', '-', 'baru', 'test', '1250000.00', '2500000.00', '0.00', '0.00', '1250000.00', 'tunai', NULL, 1, '2025-05-04 08:24:00', 0, 'Haris', 'Haris', '2025-05-04 08:24:00', '2025-05-04 08:24:00'),
(58, 'haris', '0000', '-', 'baru', 'tes', '1250000.00', '2500000.00', '0.00', '0.00', '1250000.00', 'tunai', NULL, 1, '2025-05-04 08:27:51', 0, 'Haris', 'Haris', '2025-05-04 08:27:51', '2025-05-04 08:27:51'),
(59, 'haris', '000', '-', 'baru', 'test', '1250000.00', '2500000.00', '0.00', '0.00', '1250000.00', 'tunai', NULL, 1, '2025-05-04 08:28:38', 0, 'Haris', 'Haris', '2025-05-04 08:28:38', '2025-05-04 08:28:38'),
(60, 'haris', '0000', '-', 'baru', 'tes', '1250000.00', '2500000.00', '0.00', '0.00', '1250000.00', 'tunai', NULL, 1, '2025-05-04 08:32:20', 0, 'Haris', 'Haris', '2025-05-04 08:32:20', '2025-05-04 08:32:20'),
(61, 'haris', '0808080', '-', 'baru', 'test', '1250000.00', '2500000.00', '0.00', '0.00', '1250000.00', 'transfer_bank', 'Dashboard-Gading-Admin-Dashboard-05-03-2025_07_04_PM.png', 1, '2025-05-07 09:31:54', 0, 'uhuy', 'uhuy', '2025-05-07 09:31:54', '2025-05-07 09:31:54'),
(62, 'haris', '8908', '-', 'baru', 'test', '1250000.00', '2500000.00', '0.00', '0.00', '1250000.00', 'transfer_bank', 'Dashboard-Gading-Admin-Dashboard-05-03-2025_07_01_PM.png', 1, '2025-05-07 09:36:36', 0, 'uhuy', 'uhuy', '2025-05-07 09:36:36', '2025-05-07 09:36:36'),
(63, 'haris', '0909090', '-', 'baru', 'test', '747500.00', '1495000.00', '0.00', '5000.00', '747500.00', 'tunai', NULL, 1, '2025-05-11 01:01:24', 0, 'uhuy', 'uhuy', '2025-05-11 01:01:24', '2025-05-11 01:01:24'),
(64, 'haris', '08122321', '-', 'baru', 'test', '747500.00', '1495000.00', '0.00', '5000.00', '747500.00', 'tunai', NULL, 1, '2025-05-11 01:03:56', 0, 'uhuy', 'uhuy', '2025-05-11 01:03:56', '2025-05-11 01:03:56'),
(65, 'haris', '08122321', '-', 'baru', 'test', '747500.00', '1495000.00', '0.00', '5000.00', '747500.00', 'tunai', NULL, 1, '2025-05-11 01:04:36', 0, 'uhuy', 'uhuy', '2025-05-11 01:04:36', '2025-05-11 01:04:36'),
(66, 'haris', '98989', '-', 'baru', 'tet', '747500.00', '1495000.00', '0.00', '5000.00', '747500.00', 'tunai', NULL, 1, '2025-05-11 01:05:12', 0, 'uhuy', 'uhuy', '2025-05-11 01:05:12', '2025-05-11 01:05:12'),
(67, 'haris', '081', '-', 'baru', 'TEST', '747500.00', '1495000.00', '0.00', '5000.00', '747500.00', 'tunai', NULL, 1, '2025-05-11 01:08:48', 0, 'uhuy', 'uhuy', '2025-05-11 01:08:48', '2025-05-11 01:08:48'),
(68, 'Haris', '082226582306', '-', 'baru', 'JL.MUGAS BARAT X NO 21', '747500.00', '1495000.00', '0.00', '5000.00', '747500.00', 'tunai', NULL, 1, '2025-05-11 01:09:29', 0, 'uhuy', 'uhuy', '2025-05-11 01:09:29', '2025-05-11 01:09:29'),
(69, 'HARIS', '6767676', '-', 'baru', 'TETS', '747500.00', '1495000.00', '0.00', '5000.00', '747500.00', 'tunai', NULL, 1, '2025-05-11 01:11:13', 0, 'uhuy', 'uhuy', '2025-05-11 01:11:13', '2025-05-11 01:11:13'),
(70, 'test', '89890', '-', 'baru', 'etes', '50000.00', '50000.00', '20000.00', '0.00', '0.00', 'tunai', NULL, 2, '2025-05-17 08:25:00', 0, 'uhuy', 'uhuy', '2025-05-17 08:25:00', '2025-05-17 08:25:00'),
(71, 'dsada', '32131', '-', 'baru', 'dsa', '30000.00', '30000.00', '0.00', '0.00', '0.00', 'tunai', NULL, 2, '2025-05-17 08:28:21', 0, 'uhuy', 'uhuy', '2025-05-17 08:28:21', '2025-05-17 08:28:21'),
(72, 'HARIS', '321', '-', 'baru', 'ASD', '30000.00', '30000.00', '0.00', '0.00', '0.00', 'tunai', NULL, 2, '2025-05-17 08:29:39', 0, 'uhuy', 'uhuy', '2025-05-17 08:29:39', '2025-05-17 08:29:39'),
(73, 'dsa', '231', '-', 'baru', 'dsa', '30000.00', '30000.00', '0.00', '0.00', '0.00', 'tunai', NULL, 2, '2025-05-17 08:31:23', 0, 'uhuy', 'uhuy', '2025-05-17 08:31:23', '2025-05-17 08:31:23'),
(74, 'dsada', '32131', '-', 'baru', 'dsa', '30000.00', '30000.00', '0.00', '0.00', '0.00', 'tunai', NULL, 2, '2025-05-17 08:35:23', 0, 'uhuy', 'uhuy', '2025-05-17 08:35:23', '2025-05-17 08:35:23'),
(75, 'haris', '23131', '-', 'baru', 'dsadas', '15000.00', '15000.00', '0.00', '0.00', '0.00', 'tunai', NULL, 1, '2025-05-17 08:38:32', 0, 'uhuy', 'uhuy', '2025-05-17 08:38:32', '2025-05-17 08:38:32'),
(76, 'HARIS', '321', '-', 'baru', 'ASD', '15000.00', '15000.00', '0.00', '0.00', '0.00', 'tunai', NULL, 1, '2025-05-17 08:39:07', 0, 'uhuy', 'uhuy', '2025-05-17 08:39:07', '2025-05-17 08:39:07'),
(77, 'eqwe', '12321', '-', 'baru', 'ddsad', '15000.00', '15000.00', '0.00', '0.00', '0.00', 'tunai', NULL, 1, '2025-05-17 08:41:44', 0, 'uhuy', 'uhuy', '2025-05-17 08:41:44', '2025-05-17 08:41:44'),
(78, 'haris', '321312', '-', 'baru', 'dsadsa', '15000.00', '15000.00', '0.00', '0.00', '0.00', 'tunai', NULL, 1, '2025-05-17 08:42:59', 0, 'uhuy', 'uhuy', '2025-05-17 08:42:59', '2025-05-17 08:42:59'),
(79, 'haris', '3213', '-', 'baru', 'sdad', '15000.00', '15000.00', '0.00', '0.00', '0.00', 'tunai', NULL, 1, '2025-05-17 08:46:03', 0, 'uhuy', 'uhuy', '2025-05-17 08:46:03', '2025-05-17 08:46:03'),
(80, 'test', '321312', '-', 'baru', 'dsdasasd', '15000.00', '15000.00', '0.00', '0.00', '0.00', 'tunai', NULL, 1, '2025-05-17 08:49:25', 0, 'uhuy', 'uhuy', '2025-05-17 08:49:25', '2025-05-17 08:49:25'),
(81, 'haris', '312123', '-', 'baru', 'dasdsa', '15000.00', '15000.00', '0.00', '0.00', '0.00', 'tunai', NULL, 1, '2025-05-17 08:54:16', 0, 'uhuy', 'uhuy', '2025-05-17 08:54:16', '2025-05-17 08:54:16'),
(82, 'HARIS', '321', '-', 'baru', 'ASD', '15000.00', '15000.00', '0.00', '0.00', '0.00', 'tunai', NULL, 1, '2025-05-17 08:55:10', 0, 'uhuy', 'uhuy', '2025-05-17 08:55:10', '2025-05-17 08:55:10'),
(83, 'haris', '23312', '-', 'baru', 'sdad', '15000.00', '15000.00', '0.00', '0.00', '0.00', 'tunai', NULL, 1, '2025-05-17 08:55:49', 0, 'uhuy', 'uhuy', '2025-05-17 08:55:49', '2025-05-17 08:55:49'),
(84, 'haris', '2313', '-', 'baru', 'sdad', '15000.00', '15000.00', '0.00', '0.00', '0.00', 'tunai', NULL, 1, '2025-05-17 08:56:18', 0, 'uhuy', 'uhuy', '2025-05-17 08:56:18', '2025-05-17 08:56:18'),
(85, 'haris', '231', '-', 'baru', 'dsads', '15000.00', '15000.00', '0.00', '0.00', '0.00', 'tunai', NULL, 1, '2025-05-17 08:57:07', 0, 'uhuy', 'uhuy', '2025-05-17 08:57:07', '2025-05-17 08:57:07'),
(86, 'haris', '2313', '-', 'baru', 'sdad', '15000.00', '15000.00', '0.00', '0.00', '0.00', 'tunai', NULL, 1, '2025-05-17 08:57:35', 0, 'uhuy', 'uhuy', '2025-05-17 08:57:35', '2025-05-17 08:57:35'),
(87, 'haris', '2313', '-', 'baru', 'sdad', '15000.00', '15000.00', '0.00', '0.00', '0.00', 'tunai', NULL, 1, '2025-05-17 08:58:51', 0, 'uhuy', 'uhuy', '2025-05-17 08:58:51', '2025-05-17 08:58:51'),
(88, 'haris', '231', '-', 'baru', 'dsads', '15000.00', '15000.00', '0.00', '0.00', '0.00', 'tunai', NULL, 1, '2025-05-17 08:59:25', 0, 'uhuy', 'uhuy', '2025-05-17 08:59:25', '2025-05-17 08:59:25'),
(89, 'Haris', '082226582306', '-', 'baru', 'JL.MUGAS BARAT X NO 21', '15000.00', '15000.00', '0.00', '0.00', '0.00', 'tunai', NULL, 1, '2025-05-17 09:00:01', 0, 'uhuy', 'uhuy', '2025-05-17 09:00:01', '2025-05-17 09:00:01'),
(90, 'haris', '3123', '-', 'baru', 'dsadas', '15000.00', '15000.00', '0.00', '0.00', '0.00', 'tunai', NULL, 1, '2025-05-17 09:00:51', 0, 'uhuy', 'uhuy', '2025-05-17 09:00:51', '2025-05-17 09:00:51'),
(91, 'HARIS', '321', '-', 'baru', 'ASD', '15000.00', '15000.00', '0.00', '0.00', '0.00', 'tunai', NULL, 1, '2025-05-17 09:02:27', 0, 'uhuy', 'uhuy', '2025-05-17 09:02:27', '2025-05-17 09:02:27'),
(92, 'haris', '321321', '-', 'baru', 'sda', '15000.00', '15000.00', '0.00', '0.00', '0.00', 'tunai', NULL, 1, '2025-05-17 09:05:05', 0, 'uhuy', 'uhuy', '2025-05-17 09:05:05', '2025-05-17 09:05:05'),
(93, 'haris', '32132', '-', 'baru', 'dsadsa', '15000.00', '15000.00', '0.00', '0.00', '0.00', 'tunai', NULL, 1, '2025-05-17 09:05:43', 0, 'uhuy', 'uhuy', '2025-05-17 09:05:43', '2025-05-17 09:05:43'),
(94, 'sdda', '082226582306', '-', 'baru', 'ss', '15000.00', '15000.00', '0.00', '0.00', '0.00', 'tunai', NULL, 1, '2025-05-17 09:06:30', 0, 'uhuy', 'uhuy', '2025-05-17 09:06:30', '2025-05-17 09:06:30'),
(95, 'haris', '3213', '-', 'baru', 'sdad', '15000.00', '15000.00', '0.00', '0.00', '0.00', 'tunai', NULL, 1, '2025-05-17 09:07:26', 0, 'uhuy', 'uhuy', '2025-05-17 09:07:26', '2025-05-17 09:07:26'),
(96, 'haris', 'ewqe', '-', 'baru', 'das', '15000.00', '15000.00', '0.00', '0.00', '0.00', 'tunai', NULL, 1, '2025-05-17 09:10:50', 0, 'uhuy', 'uhuy', '2025-05-17 09:10:50', '2025-05-17 09:10:50'),
(97, 'test', '312321', '-', 'baru', 'dsada', '15000.00', '15000.00', '0.00', '0.00', '0.00', 'tunai', NULL, 1, '2025-05-17 09:11:25', 0, 'uhuy', 'uhuy', '2025-05-17 09:11:25', '2025-05-17 09:11:25'),
(98, 'dsadas', '231321', '-', 'baru', 'sdad', '15000.00', '15000.00', '0.00', '0.00', '0.00', 'tunai', NULL, 1, '2025-05-17 09:15:08', 0, 'uhuy', 'uhuy', '2025-05-17 09:15:08', '2025-05-17 09:15:08'),
(99, 'dsad', '32131', '-', 'baru', 'dsasda', '15000.00', '15000.00', '0.00', '0.00', '0.00', 'tunai', NULL, 1, '2025-05-17 09:19:46', 0, 'uhuy', 'uhuy', '2025-05-17 09:19:46', '2025-05-17 09:19:46'),
(100, 'haris', '231312', '-', 'baru', 'dsadsa', '15000.00', '15000.00', '0.00', '0.00', '0.00', 'tunai', NULL, 1, '2025-05-17 09:20:22', 0, 'uhuy', 'uhuy', '2025-05-17 09:20:22', '2025-05-17 09:20:22'),
(101, 'Haris', '082226582306', '-', 'baru', 'JL.MUGAS BARAT X NO 21', '15000.00', '15000.00', '0.00', '0.00', '0.00', 'tunai', NULL, 1, '2025-05-17 09:24:14', 0, 'uhuy', 'uhuy', '2025-05-17 09:24:14', '2025-05-17 09:24:14'),
(102, 'Haris', '082226582306', '-', 'baru', 'JL.MUGAS BARAT X NO 21', '15000.00', '15000.00', '0.00', '0.00', '0.00', 'tunai', NULL, 1, '2025-05-17 09:25:27', 0, 'uhuy', 'uhuy', '2025-05-17 09:25:27', '2025-05-17 09:25:27'),
(103, 'qewqe', '231', '-', 'baru', 'dsa', '15000.00', '15000.00', '0.00', '0.00', '0.00', 'tunai', NULL, 1, '2025-05-17 09:25:57', 0, 'uhuy', 'uhuy', '2025-05-17 09:25:57', '2025-05-17 09:25:57'),
(104, 'HARIS', '321', '-', 'baru', 'ASD', '15000.00', '15000.00', '0.00', '0.00', '0.00', 'tunai', NULL, 1, '2025-05-17 09:26:21', 0, 'uhuy', 'uhuy', '2025-05-17 09:26:21', '2025-05-17 09:26:21'),
(105, 'Haris', '082226582306', '-', 'baru', 'JL.MUGAS BARAT X NO 21', '15000.00', '15000.00', '0.00', '0.00', '0.00', 'tunai', NULL, 1, '2025-05-17 09:27:21', 0, 'uhuy', 'uhuy', '2025-05-17 09:27:21', '2025-05-17 09:27:21'),
(106, 'Haris', '082226582306', '-', 'baru', 'JL.MUGAS BARAT X NO 21', '15000.00', '15000.00', '0.00', '0.00', '0.00', 'tunai', NULL, 1, '2025-05-17 09:28:11', 0, 'uhuy', 'uhuy', '2025-05-17 09:28:11', '2025-05-17 09:28:11'),
(107, 'haris', '32123', '-', 'baru', 'dassas', '15000.00', '15000.00', '0.00', '0.00', '0.00', 'tunai', NULL, 1, '2025-05-17 09:29:07', 0, 'uhuy', 'uhuy', '2025-05-17 09:29:07', '2025-05-17 09:29:07'),
(108, 'haris', '231', '-', 'baru', 'dsads', '15000.00', '15000.00', '0.00', '0.00', '0.00', 'tunai', NULL, 1, '2025-05-17 09:29:34', 0, 'uhuy', 'uhuy', '2025-05-17 09:29:34', '2025-05-17 09:29:34'),
(109, 'dad', '321', '-', 'baru', 'dsa', '15000.00', '15000.00', '0.00', '0.00', '0.00', 'tunai', NULL, 1, '2025-05-17 09:30:05', 0, 'uhuy', 'uhuy', '2025-05-17 09:30:05', '2025-05-17 09:30:05'),
(110, 'dasda', '3213', '-', 'baru', 'dsad', '15000.00', '15000.00', '0.00', '0.00', '0.00', 'tunai', NULL, 1, '2025-05-17 09:30:48', 0, 'uhuy', 'uhuy', '2025-05-17 09:30:48', '2025-05-17 09:30:48');

-- --------------------------------------------------------

--
-- Table structure for table `jobs`
--

CREATE TABLE `jobs` (
  `id` bigint UNSIGNED NOT NULL,
  `queue` varchar(255) COLLATE utf8mb4_unicode_ci NOT NULL,
  `payload` longtext COLLATE utf8mb4_unicode_ci NOT NULL,
  `attempts` tinyint UNSIGNED NOT NULL,
  `reserved_at` int UNSIGNED DEFAULT NULL,
  `available_at` int UNSIGNED NOT NULL,
  `created_at` int UNSIGNED NOT NULL
) ENGINE=InnoDB DEFAULT CHARSET=utf8mb4 COLLATE=utf8mb4_unicode_ci;

-- --------------------------------------------------------

--
-- Table structure for table `job_batches`
--

CREATE TABLE `job_batches` (
  `id` varchar(255) COLLATE utf8mb4_unicode_ci NOT NULL,
  `name` varchar(255) COLLATE utf8mb4_unicode_ci NOT NULL,
  `total_jobs` int NOT NULL,
  `pending_jobs` int NOT NULL,
  `failed_jobs` int NOT NULL,
  `failed_job_ids` longtext COLLATE utf8mb4_unicode_ci NOT NULL,
  `options` mediumtext COLLATE utf8mb4_unicode_ci,
  `cancelled_at` int DEFAULT NULL,
  `created_at` int NOT NULL,
  `finished_at` int DEFAULT NULL
) ENGINE=InnoDB DEFAULT CHARSET=utf8mb4 COLLATE=utf8mb4_unicode_ci;

-- --------------------------------------------------------

--
-- Table structure for table `migrations`
--

CREATE TABLE `migrations` (
  `id` int UNSIGNED NOT NULL,
  `migration` varchar(255) COLLATE utf8mb4_unicode_ci NOT NULL,
  `batch` int NOT NULL
) ENGINE=InnoDB DEFAULT CHARSET=utf8mb4 COLLATE=utf8mb4_unicode_ci;

--
-- Dumping data for table `migrations`
--

INSERT INTO `migrations` (`id`, `migration`, `batch`) VALUES
(4, '0001_01_01_000000_create_users_table', 1),
(5, '0001_01_01_000001_create_cache_table', 1),
(6, '0001_01_01_000002_create_jobs_table', 1),
(7, '2025_04_13_134852_create_roles_table', 2),
(8, '2025_04_16_163115_create_produks_table', 3),
(9, '2025_04_16_163230_create_produk_bahans_table', 3),
(10, '2025_04_16_170139_create_produk_bahans_table', 4),
(11, '2025_04_27_134414_create_customers_table', 5),
(12, '2025_04_27_134553_create_transactions_table', 5),
(13, '2025_04_27_140321_create_transaction_items_table', 5),
(14, '2025_04_27_144831_create_histoy_payments_table', 6),
(15, '2025_04_27_164647_create_historynotas_table', 7);

-- --------------------------------------------------------

--
-- Table structure for table `password_reset_tokens`
--

CREATE TABLE `password_reset_tokens` (
  `email` varchar(255) COLLATE utf8mb4_unicode_ci NOT NULL,
  `token` varchar(255) COLLATE utf8mb4_unicode_ci NOT NULL,
  `created_at` timestamp NULL DEFAULT NULL
) ENGINE=InnoDB DEFAULT CHARSET=utf8mb4 COLLATE=utf8mb4_unicode_ci;

-- --------------------------------------------------------

--
-- Table structure for table `produks`
--

CREATE TABLE `produks` (
  `id` bigint UNSIGNED NOT NULL,
  `nama_produk` varchar(255) COLLATE utf8mb4_unicode_ci NOT NULL,
  `status` varchar(255) COLLATE utf8mb4_unicode_ci NOT NULL,
  `created_at` timestamp NULL DEFAULT NULL,
  `updated_at` timestamp NULL DEFAULT NULL
) ENGINE=InnoDB DEFAULT CHARSET=utf8mb4 COLLATE=utf8mb4_unicode_ci;

--
-- Dumping data for table `produks`
--

INSERT INTO `produks` (`id`, `nama_produk`, `status`, `created_at`, `updated_at`) VALUES
(11, 'MMT', '1', '2025-05-04 07:03:13', '2025-05-04 07:03:13'),
(12, 'MMT', '1', '2025-05-08 09:38:45', '2025-05-08 09:38:45'),
(13, 'MMT', '1', '2025-05-08 09:57:00', '2025-05-08 09:57:00'),
(14, 'dsad', '1', '2025-05-08 10:12:59', '2025-05-08 10:12:59'),
(15, 'MMT ADMIN', '1', '2025-05-10 23:56:28', '2025-05-10 23:56:28'),
(16, 'MMT', '1', '2025-05-11 00:09:17', '2025-05-11 00:09:17');

-- --------------------------------------------------------

--
-- Table structure for table `produk_bahans`
--

CREATE TABLE `produk_bahans` (
  `id` bigint UNSIGNED NOT NULL,
  `produk_id` bigint UNSIGNED NOT NULL,
  `nama_bahan` varchar(255) COLLATE utf8mb4_unicode_ci NOT NULL,
  `harga_per_meter` varchar(255) COLLATE utf8mb4_unicode_ci NOT NULL,
  `diskon` int DEFAULT NULL,
  `total_harga` int DEFAULT NULL,
  `created_at` timestamp NULL DEFAULT NULL,
  `updated_at` timestamp NULL DEFAULT NULL
) ENGINE=InnoDB DEFAULT CHARSET=utf8mb4 COLLATE=utf8mb4_unicode_ci;

--
-- Dumping data for table `produk_bahans`
--

INSERT INTO `produk_bahans` (`id`, `produk_id`, `nama_bahan`, `harga_per_meter`, `diskon`, `total_harga`, `created_at`, `updated_at`) VALUES
(26, 16, 'JKL', '20000', 5000, 15000, '2025-05-11 00:09:17', '2025-05-11 00:09:17');

-- --------------------------------------------------------

--
-- Table structure for table `roles`
--

CREATE TABLE `roles` (
  `id` bigint UNSIGNED NOT NULL,
  `rolesName` varchar(15) CHARACTER SET utf8mb4 COLLATE utf8mb4_unicode_ci NOT NULL,
  `keterangan` varchar(255) COLLATE utf8mb4_unicode_ci NOT NULL,
  `deleteSts` int NOT NULL,
  `created_at` timestamp NULL DEFAULT NULL,
  `updated_at` timestamp NULL DEFAULT NULL
) ENGINE=InnoDB DEFAULT CHARSET=utf8mb4 COLLATE=utf8mb4_unicode_ci;

--
-- Dumping data for table `roles`
--

INSERT INTO `roles` (`id`, `rolesName`, `keterangan`, `deleteSts`, `created_at`, `updated_at`) VALUES
(1, 'SuperAdmin', 'TEST', 1, '2025-04-13 07:23:38', '2025-04-13 07:41:29'),
(2, 'Super Admin', 'Hak Akses Owner', 0, '2025-04-13 07:44:34', '2025-05-04 05:56:00'),
(3, 'staff', 'staff', 1, '2025-04-16 07:49:01', '2025-04-16 07:57:31'),
(4, 'karyawan', 'kasir', 1, '2025-04-16 07:58:03', '2025-04-16 08:03:13'),
(5, 'Owner', 'Pemilik', 0, '2025-04-16 08:04:04', '2025-04-16 08:04:04'),
(6, 'Finance', 'keuangan', 0, '2025-04-16 08:04:26', '2025-04-16 08:04:26'),
(7, 'kasir', 'Akses Kasir', 0, '2025-05-04 05:55:39', '2025-05-04 05:55:39');

-- --------------------------------------------------------

--
-- Table structure for table `sessions`
--

CREATE TABLE `sessions` (
  `id` varchar(255) COLLATE utf8mb4_unicode_ci NOT NULL,
  `user_id` bigint UNSIGNED DEFAULT NULL,
  `ip_address` varchar(45) COLLATE utf8mb4_unicode_ci DEFAULT NULL,
  `user_agent` text COLLATE utf8mb4_unicode_ci,
  `payload` longtext COLLATE utf8mb4_unicode_ci NOT NULL,
  `last_activity` int NOT NULL
) ENGINE=InnoDB DEFAULT CHARSET=utf8mb4 COLLATE=utf8mb4_unicode_ci;

--
-- Dumping data for table `sessions`
--

INSERT INTO `sessions` (`id`, `user_id`, `ip_address`, `user_agent`, `payload`, `last_activity`) VALUES
('hHuhRY6hh8Y0h65xghW6Nv5nohu0LpZDfIgFmxLw', 3, '127.0.0.1', 'Mozilla/5.0 (Windows NT 10.0; Win64; x64) AppleWebKit/537.36 (KHTML, like Gecko) Chrome/136.0.0.0 Safari/537.36', 'YTo1OntzOjY6Il90b2tlbiI7czo0MDoiNkprY2t0WU95WUhWWEtVaEVjSERoRVRWblBZRm5ocmdwWnVwQmtybSI7czo5OiJfcHJldmlvdXMiO2E6MTp7czozOiJ1cmwiO3M6MzE6Imh0dHA6Ly8xMjcuMC4wLjE6ODAwMC90cmFuc2Frc2kiO31zOjY6Il9mbGFzaCI7YToyOntzOjM6Im9sZCI7YTowOnt9czozOiJuZXciO2E6MDp7fX1zOjUwOiJsb2dpbl93ZWJfNTliYTM2YWRkYzJiMmY5NDAxNTgwZjAxNGM3ZjU4ZWE0ZTMwOTg5ZCI7aTozO3M6NDoiYXV0aCI7YToxOntzOjIxOiJwYXNzd29yZF9jb25maXJtZWRfYXQiO2k6MTc0NzQ5NTEyMjt9fQ==', 1747499448);

-- --------------------------------------------------------

--
-- Table structure for table `transactions`
--

CREATE TABLE `transactions` (
  `id` bigint UNSIGNED NOT NULL,
  `customer_id` bigint UNSIGNED NOT NULL,
  `subtotal` decimal(15,2) NOT NULL DEFAULT '0.00',
  `total` decimal(15,2) NOT NULL DEFAULT '0.00',
  `biaya_desain` decimal(15,2) NOT NULL DEFAULT '0.00',
  `diskon` decimal(15,2) NOT NULL DEFAULT '0.00',
  `dp` decimal(15,2) NOT NULL DEFAULT '0.00',
  `metode_pembayaran` varchar(255) COLLATE utf8mb4_unicode_ci NOT NULL,
  `bukti_pembayaran` varchar(255) COLLATE utf8mb4_unicode_ci DEFAULT NULL,
  `tanggal_ambil` timestamp NULL DEFAULT NULL,
  `tanggal_transaksi` timestamp NOT NULL DEFAULT CURRENT_TIMESTAMP,
  `nota_file` varchar(250) CHARACTER SET utf8mb4 COLLATE utf8mb4_unicode_ci DEFAULT NULL,
  `nomor_faktur` varchar(250) COLLATE utf8mb4_unicode_ci DEFAULT NULL,
  `status_pembayaran` varchar(15) COLLATE utf8mb4_unicode_ci DEFAULT NULL,
  `diambil_oleh` varchar(250) CHARACTER SET utf8mb4 COLLATE utf8mb4_unicode_ci DEFAULT NULL,
  `bukti_pengambilan` varchar(255) COLLATE utf8mb4_unicode_ci DEFAULT NULL,
  `tanggal_selesai` timestamp NULL DEFAULT NULL,
  `deleteSts` tinyint NOT NULL DEFAULT '0',
  `createdBy` varchar(250) CHARACTER SET utf8mb4 COLLATE utf8mb4_unicode_ci DEFAULT NULL,
  `updatedBy` varchar(250) CHARACTER SET utf8mb4 COLLATE utf8mb4_unicode_ci DEFAULT NULL,
  `created_at` timestamp NULL DEFAULT NULL,
  `updated_at` timestamp NULL DEFAULT NULL
) ENGINE=InnoDB DEFAULT CHARSET=utf8mb4 COLLATE=utf8mb4_unicode_ci;

--
-- Dumping data for table `transactions`
--

INSERT INTO `transactions` (`id`, `customer_id`, `subtotal`, `total`, `biaya_desain`, `diskon`, `dp`, `metode_pembayaran`, `bukti_pembayaran`, `tanggal_ambil`, `tanggal_transaksi`, `nota_file`, `nomor_faktur`, `status_pembayaran`, `diambil_oleh`, `bukti_pengambilan`, `tanggal_selesai`, `deleteSts`, `createdBy`, `updatedBy`, `created_at`, `updated_at`) VALUES
(46, 22, '250000.00', '250000.00', '0.00', '0.00', '0.00', 'tunai', NULL, '2025-05-09 17:00:00', '2025-05-04 07:04:50', 'nota_20250504_140450_E2R5s.html', 'GD-MMT-01-20250504', 'lunas', 'Azza', '1746373038_jff1Ncmd4wuDCmmC0IOnpKxp0ycJGmW6T1dCYNg2.png', '2025-05-04 08:37:00', 0, 'Haris', NULL, '2025-05-04 07:04:50', '2025-05-04 08:37:18'),
(47, 23, '385000.00', '770000.00', '20000.00', '0.00', '385000.00', 'tunai', NULL, '2025-05-03 17:00:00', '2025-05-04 07:06:31', 'nota_20250504_140631_WrjWg.html', 'GD-MMT-02-20250504', 'dp', NULL, NULL, NULL, 0, 'Haris', NULL, '2025-05-04 07:06:31', '2025-05-04 07:06:31'),
(48, 24, '1250000.00', '2500000.00', '0.00', '0.00', '1250000.00', 'tunai', NULL, '2025-05-03 17:00:00', '2025-05-04 07:34:08', 'nota_20250504_143408_MXDjz.pdf', 'GD-MMT-03-20250504', 'lunas', NULL, NULL, NULL, 0, 'Haris', NULL, '2025-05-04 07:34:08', '2025-05-04 07:34:08'),
(49, 25, '1250000.00', '2500000.00', '0.00', '0.00', '1250000.00', 'tunai', NULL, '2025-05-03 17:00:00', '2025-05-04 07:38:29', NULL, 'GD-MMT-04-20250504', 'lunas', NULL, NULL, NULL, 0, 'Haris', NULL, '2025-05-04 07:38:29', '2025-05-04 07:38:29'),
(50, 25, '1250000.00', '2500000.00', '0.00', '0.00', '1250000.00', 'tunai', NULL, '2025-05-03 17:00:00', '2025-05-04 07:40:26', NULL, 'GD-MMT-05-20250504', 'lunas', NULL, NULL, NULL, 0, 'Haris', NULL, '2025-05-04 07:40:26', '2025-05-04 07:40:26'),
(51, 26, '1250000.00', '2500000.00', '0.00', '0.00', '1250000.00', 'tunai', NULL, '2025-05-03 17:00:00', '2025-05-04 07:41:25', NULL, 'GD-MMT-06-20250504', 'lunas', NULL, NULL, NULL, 0, 'Haris', NULL, '2025-05-04 07:41:25', '2025-05-04 07:41:25'),
(52, 27, '250000.00', '500000.00', '0.00', '0.00', '250000.00', 'tunai', NULL, '2025-05-03 17:00:00', '2025-05-04 07:43:39', NULL, 'GD-MMT-07-20250504', 'lunas', NULL, NULL, NULL, 0, 'Haris', NULL, '2025-05-04 07:43:39', '2025-05-04 07:43:39'),
(53, 28, '1250000.00', '2500000.00', '0.00', '0.00', '1250000.00', 'tunai', NULL, '2025-05-03 17:00:00', '2025-05-04 07:46:45', 'nota_20250504_144645_o83Z2.pdf', 'GD-MMT-08-20250504', 'lunas', NULL, NULL, NULL, 0, 'Haris', NULL, '2025-05-04 07:46:45', '2025-05-04 07:46:45'),
(54, 29, '1250000.00', '2500000.00', '0.00', '0.00', '1250000.00', 'tunai', NULL, '2025-05-03 17:00:00', '2025-05-04 07:47:34', 'nota_20250504_144734_wXHNM.pdf', 'GD-MMT-09-20250504', 'lunas', NULL, NULL, NULL, 0, 'Haris', NULL, '2025-05-04 07:47:34', '2025-05-04 07:47:34'),
(55, 30, '25000.00', '25000.00', '0.00', '0.00', '0.00', 'tunai', NULL, '2025-05-03 17:00:00', '2025-05-04 07:50:45', 'nota_20250504_145045_vEvJl.pdf', 'GD-MMT-10-20250504', 'lunas', NULL, NULL, NULL, 0, 'Haris', NULL, '2025-05-04 07:50:45', '2025-05-04 07:51:44'),
(56, 31, '250000.00', '500000.00', '0.00', '0.00', '250000.00', 'tunai', NULL, '2025-05-03 17:00:00', '2025-05-04 07:54:50', 'nota_20250504_145450_RG6ej.pdf', 'GD-MMT-11-20250504', 'lunas', NULL, NULL, NULL, 0, 'Haris', NULL, '2025-05-04 07:54:50', '2025-05-04 07:54:51'),
(57, 32, '1250000.00', '2500000.00', '0.00', '0.00', '1250000.00', 'tunai', NULL, '2025-05-03 17:00:00', '2025-05-04 08:01:57', 'nota_20250504_150158_zpqWD.pdf', 'GD-MMT-12-20250504', 'lunas', NULL, NULL, NULL, 0, 'Haris', NULL, '2025-05-04 08:01:57', '2025-05-04 08:01:58'),
(58, 33, '250000.00', '500000.00', '0.00', '0.00', '250000.00', 'tunai', NULL, '2025-05-03 17:00:00', '2025-05-04 08:04:45', 'nota_20250504_150445_obL1R.pdf', 'GD-MMT-13-20250504', 'dp', NULL, NULL, NULL, 0, 'Haris', NULL, '2025-05-04 08:04:45', '2025-05-04 08:04:46'),
(59, 34, '125000.00', '125000.00', '0.00', '0.00', '0.00', 'tunai', NULL, '2025-05-03 17:00:00', '2025-05-04 08:07:04', 'nota_20250504_150704_haris.pdf', 'GD-MMT-14-20250504', 'lunas', NULL, NULL, NULL, 0, 'Haris', NULL, '2025-05-04 08:07:04', '2025-05-04 08:07:04'),
(60, 35, '250000.00', '500000.00', '0.00', '0.00', '250000.00', 'tunai', NULL, '2025-05-03 17:00:00', '2025-05-04 08:12:40', 'nota_20250504_151240_harissda .pdf', 'GD-MMT-15-20250504', 'lunas', NULL, NULL, NULL, 0, 'Haris', NULL, '2025-05-04 08:12:40', '2025-05-04 08:12:41'),
(61, 36, '1250000.00', '2500000.00', '0.00', '0.00', '1250000.00', 'tunai', NULL, '2025-05-03 17:00:00', '2025-05-04 08:14:53', 'nota_20250504_151453_harissda .pdf', 'GD-MMT-16-20250504', 'lunas', NULL, NULL, NULL, 0, 'Haris', NULL, '2025-05-04 08:14:53', '2025-05-04 08:14:54'),
(62, 37, '1250000.00', '2500000.00', '0.00', '0.00', '1250000.00', 'tunai', NULL, '2025-05-03 17:00:00', '2025-05-04 08:20:29', 'nota_20250504_152029_harissda .pdf', 'GD-MMT-17-20250504', 'lunas', NULL, NULL, NULL, 0, 'Haris', NULL, '2025-05-04 08:20:29', '2025-05-04 08:20:29'),
(63, 38, '1250000.00', '2500000.00', '0.00', '0.00', '1250000.00', 'tunai', NULL, '2025-05-03 17:00:00', '2025-05-04 08:24:00', 'nota_20250504_152400_haris.pdf', 'GD-MMT-18-20250504', 'lunas', NULL, NULL, NULL, 0, 'Haris', NULL, '2025-05-04 08:24:00', '2025-05-04 08:24:00'),
(64, 39, '1250000.00', '2500000.00', '0.00', '0.00', '1250000.00', 'tunai', NULL, '2025-05-03 17:00:00', '2025-05-04 08:27:51', 'nota_20250504_152751_haris.pdf', 'GD-MMT-19-20250504', 'lunas', NULL, NULL, NULL, 0, 'Haris', NULL, '2025-05-04 08:27:51', '2025-05-04 08:27:51'),
(65, 40, '1250000.00', '2500000.00', '0.00', '0.00', '1250000.00', 'tunai', NULL, '2025-05-03 17:00:00', '2025-05-04 08:28:38', 'nota_20250504_152838_haris.pdf', 'GD-MMT-20-20250504', 'lunas', NULL, NULL, NULL, 0, 'Haris', NULL, '2025-05-04 08:28:38', '2025-05-04 08:28:38'),
(66, 39, '1250000.00', '2500000.00', '0.00', '0.00', '1250000.00', 'tunai', NULL, '2025-05-03 17:00:00', '2025-05-04 08:32:20', 'nota_20250504_153220_haris.pdf', 'GD-MMT-21-20250504', 'lunas', NULL, NULL, NULL, 0, 'Haris', NULL, '2025-05-04 08:32:20', '2025-05-04 08:32:21'),
(67, 41, '1250000.00', '2500000.00', '0.00', '0.00', '1250000.00', 'transfer_bank', 'Dashboard-Gading-Admin-Dashboard-05-03-2025_07_04_PM.png', '2025-05-06 17:00:00', '2025-05-07 09:31:54', 'nota_20250507_163155_haris.pdf', 'GD-MMT-01-20250507', 'dp', NULL, NULL, NULL, 0, 'uhuy', NULL, '2025-05-07 09:31:54', '2025-05-07 09:31:57'),
(68, 42, '1250000.00', '2500000.00', '0.00', '0.00', '1250000.00', 'transfer_bank', 'Dashboard-Gading-Admin-Dashboard-05-03-2025_07_01_PM.png', '2025-05-06 17:00:00', '2025-05-07 09:36:36', 'nota_20250507_163636_haris.pdf', 'GD-MMT-02-20250507', 'lunas', NULL, NULL, NULL, 0, 'uhuy', NULL, '2025-05-07 09:36:36', '2025-05-07 09:36:36'),
(69, 43, '747500.00', '1495000.00', '0.00', '5000.00', '747500.00', 'tunai', NULL, '2025-05-10 17:00:00', '2025-05-11 01:01:24', 'nota_20250511_080124_haris.pdf', 'GD-MMT-01-20250511', 'lunas', NULL, NULL, NULL, 0, 'uhuy', NULL, '2025-05-11 01:01:24', '2025-05-11 01:01:26'),
(70, 44, '747500.00', '1495000.00', '0.00', '5000.00', '747500.00', 'tunai', NULL, '2025-05-10 17:00:00', '2025-05-11 01:03:56', NULL, 'GD-MMT-02-20250511', 'lunas', NULL, NULL, NULL, 0, 'uhuy', NULL, '2025-05-11 01:03:56', '2025-05-11 01:03:56'),
(71, 44, '747500.00', '1495000.00', '0.00', '5000.00', '747500.00', 'tunai', NULL, '2025-05-10 17:00:00', '2025-05-11 01:04:36', NULL, 'GD-MMT-03-20250511', 'lunas', NULL, NULL, NULL, 0, 'uhuy', NULL, '2025-05-11 01:04:36', '2025-05-11 01:04:36'),
(72, 45, '747500.00', '1495000.00', '0.00', '5000.00', '747500.00', 'tunai', NULL, '2025-05-10 17:00:00', '2025-05-11 01:05:12', NULL, 'GD-MMT-04-20250511', 'lunas', NULL, NULL, NULL, 0, 'uhuy', NULL, '2025-05-11 01:05:12', '2025-05-11 01:05:12'),
(73, 46, '747500.00', '1495000.00', '0.00', '5000.00', '747500.00', 'tunai', NULL, '2025-05-10 17:00:00', '2025-05-11 01:08:48', NULL, 'GD-MMT-05-20250511', 'lunas', NULL, NULL, NULL, 0, 'uhuy', NULL, '2025-05-11 01:08:48', '2025-05-11 01:08:48'),
(74, 23, '747500.00', '1495000.00', '0.00', '5000.00', '747500.00', 'tunai', NULL, '2025-05-10 17:00:00', '2025-05-11 01:09:29', NULL, 'GD-MMT-06-20250511', 'lunas', NULL, NULL, NULL, 0, 'uhuy', NULL, '2025-05-11 01:09:29', '2025-05-11 01:09:29'),
(75, 47, '747500.00', '1495000.00', '0.00', '5000.00', '747500.00', 'tunai', NULL, '2025-05-10 17:00:00', '2025-05-11 01:11:13', 'nota_20250511_081114_haris.pdf', 'GD-MMT-07-20250511', 'lunas', NULL, NULL, NULL, 0, 'uhuy', NULL, '2025-05-11 01:11:13', '2025-05-11 01:11:14'),
(76, 48, '50000.00', '50000.00', '20000.00', '0.00', '0.00', 'tunai', NULL, '2025-05-16 17:00:00', '2025-05-17 08:25:00', 'nota_20250517_152500_test.pdf', 'GD-MMT-01-20250517', 'lunas', NULL, NULL, NULL, 0, 'uhuy', NULL, '2025-05-17 08:25:00', '2025-05-17 08:25:01'),
(77, 49, '30000.00', '30000.00', '0.00', '0.00', '0.00', 'tunai', NULL, '2025-05-16 17:00:00', '2025-05-17 08:28:21', 'nota_20250517_152821_dsada.pdf', 'GD-MMT-02-20250517', 'lunas', NULL, NULL, NULL, 0, 'uhuy', NULL, '2025-05-17 08:28:21', '2025-05-17 08:28:21'),
(78, 26, '30000.00', '30000.00', '0.00', '0.00', '0.00', 'tunai', NULL, '2025-05-16 17:00:00', '2025-05-17 08:29:39', 'nota_20250517_152939_haris.pdf', 'GD-MMT-03-20250517', 'lunas', NULL, NULL, NULL, 0, 'uhuy', NULL, '2025-05-17 08:29:39', '2025-05-17 08:29:39'),
(79, 50, '30000.00', '30000.00', '0.00', '0.00', '0.00', 'tunai', NULL, '2025-05-16 17:00:00', '2025-05-17 08:31:23', 'nota_20250517_153123_dsa.pdf', 'GD-MMT-04-20250517', 'lunas', NULL, NULL, NULL, 0, 'uhuy', NULL, '2025-05-17 08:31:23', '2025-05-17 08:31:23'),
(80, 49, '30000.00', '30000.00', '0.00', '0.00', '0.00', 'tunai', NULL, '2025-05-16 17:00:00', '2025-05-17 08:35:23', 'nota_20250517_153523_dsada.pdf', 'GD-MMT-05-20250517', 'lunas', NULL, NULL, NULL, 0, 'uhuy', NULL, '2025-05-17 08:35:23', '2025-05-17 08:35:23'),
(81, 51, '15000.00', '15000.00', '0.00', '0.00', '0.00', 'tunai', NULL, '2025-05-16 17:00:00', '2025-05-17 08:38:32', 'nota_20250517_153832_haris.pdf', 'GD-MMT-06-20250517', 'lunas', NULL, NULL, NULL, 0, 'uhuy', NULL, '2025-05-17 08:38:32', '2025-05-17 08:38:32'),
(82, 26, '15000.00', '15000.00', '0.00', '0.00', '0.00', 'tunai', NULL, '2025-05-16 17:00:00', '2025-05-17 08:39:07', 'nota_20250517_153907_haris.pdf', 'GD-MMT-07-20250517', 'lunas', NULL, NULL, NULL, 0, 'uhuy', NULL, '2025-05-17 08:39:07', '2025-05-17 08:39:07'),
(83, 52, '15000.00', '15000.00', '0.00', '0.00', '0.00', 'tunai', NULL, '2025-05-16 17:00:00', '2025-05-17 08:41:44', 'nota_20250517_154144_eqwe.pdf', 'GD-MMT-08-20250517', 'lunas', NULL, NULL, NULL, 0, 'uhuy', NULL, '2025-05-17 08:41:44', '2025-05-17 08:41:44'),
(84, 53, '15000.00', '15000.00', '0.00', '0.00', '0.00', 'tunai', NULL, '2025-05-16 17:00:00', '2025-05-17 08:42:59', 'nota_20250517_154259_haris.pdf', 'GD-MMT-09-20250517', 'lunas', NULL, NULL, NULL, 0, 'uhuy', NULL, '2025-05-17 08:42:59', '2025-05-17 08:42:59'),
(85, 54, '15000.00', '15000.00', '0.00', '0.00', '0.00', 'tunai', NULL, '2025-05-16 17:00:00', '2025-05-17 08:46:03', 'nota_20250517_154604_haris.pdf', 'GD-MMT-10-20250517', 'lunas', NULL, NULL, NULL, 0, 'uhuy', NULL, '2025-05-17 08:46:03', '2025-05-17 08:46:04'),
(86, 55, '15000.00', '15000.00', '0.00', '0.00', '0.00', 'tunai', NULL, '2025-05-16 17:00:00', '2025-05-17 08:49:25', 'nota_20250517_154925_test.pdf', 'GD-MMT-11-20250517', 'lunas', NULL, NULL, NULL, 0, 'uhuy', NULL, '2025-05-17 08:49:25', '2025-05-17 08:49:25'),
(87, 56, '15000.00', '15000.00', '0.00', '0.00', '0.00', 'tunai', NULL, '2025-05-16 17:00:00', '2025-05-17 08:54:16', 'nota_20250517_155416_haris.pdf', 'GD-MMT-12-20250517', 'lunas', NULL, NULL, NULL, 0, 'uhuy', NULL, '2025-05-17 08:54:16', '2025-05-17 08:54:16'),
(88, 26, '15000.00', '15000.00', '0.00', '0.00', '0.00', 'tunai', NULL, '2025-05-16 17:00:00', '2025-05-17 08:55:10', 'nota_20250517_155510_haris.pdf', 'GD-MMT-13-20250517', 'lunas', NULL, NULL, NULL, 0, 'uhuy', NULL, '2025-05-17 08:55:10', '2025-05-17 08:55:10'),
(89, 57, '15000.00', '15000.00', '0.00', '0.00', '0.00', 'tunai', NULL, '2025-05-16 17:00:00', '2025-05-17 08:55:49', 'nota_20250517_155549_haris.pdf', 'GD-MMT-14-20250517', 'lunas', NULL, NULL, NULL, 0, 'uhuy', NULL, '2025-05-17 08:55:49', '2025-05-17 08:55:49'),
(90, 58, '15000.00', '15000.00', '0.00', '0.00', '0.00', 'tunai', NULL, '2025-05-16 17:00:00', '2025-05-17 08:56:18', 'nota_20250517_155618_haris.pdf', 'GD-MMT-15-20250517', 'lunas', NULL, NULL, NULL, 0, 'uhuy', NULL, '2025-05-17 08:56:18', '2025-05-17 08:56:18'),
(91, 59, '15000.00', '15000.00', '0.00', '0.00', '0.00', 'tunai', NULL, '2025-05-16 17:00:00', '2025-05-17 08:57:07', 'nota_20250517_155707_haris.pdf', 'GD-MMT-16-20250517', 'lunas', NULL, NULL, NULL, 0, 'uhuy', NULL, '2025-05-17 08:57:07', '2025-05-17 08:57:07'),
(92, 58, '15000.00', '15000.00', '0.00', '0.00', '0.00', 'tunai', NULL, '2025-05-16 17:00:00', '2025-05-17 08:57:35', 'nota_20250517_155735_haris.pdf', 'GD-MMT-17-20250517', 'lunas', NULL, NULL, NULL, 0, 'uhuy', NULL, '2025-05-17 08:57:35', '2025-05-17 08:57:35'),
(93, 58, '15000.00', '15000.00', '0.00', '0.00', '0.00', 'tunai', NULL, '2025-05-16 17:00:00', '2025-05-17 08:58:50', 'nota_20250517_155851_haris.pdf', 'GD-MMT-18-20250517', 'lunas', NULL, NULL, NULL, 0, 'uhuy', NULL, '2025-05-17 08:58:51', '2025-05-17 08:58:51'),
(94, 59, '15000.00', '15000.00', '0.00', '0.00', '0.00', 'tunai', NULL, '2025-05-16 17:00:00', '2025-05-17 08:59:25', 'nota_20250517_155925_haris.pdf', 'GD-MMT-19-20250517', 'lunas', NULL, NULL, NULL, 0, 'uhuy', NULL, '2025-05-17 08:59:25', '2025-05-17 08:59:25'),
(95, 23, '15000.00', '15000.00', '0.00', '0.00', '0.00', 'tunai', NULL, '2025-05-16 17:00:00', '2025-05-17 09:00:01', 'nota_20250517_160001_haris.pdf', 'GD-MMT-20-20250517', 'lunas', NULL, NULL, NULL, 0, 'uhuy', NULL, '2025-05-17 09:00:01', '2025-05-17 09:00:01'),
(96, 60, '15000.00', '15000.00', '0.00', '0.00', '0.00', 'tunai', NULL, '2025-05-16 17:00:00', '2025-05-17 09:00:51', 'nota_20250517_160051_haris.pdf', 'GD-MMT-21-20250517', 'lunas', NULL, NULL, NULL, 0, 'uhuy', NULL, '2025-05-17 09:00:51', '2025-05-17 09:00:51'),
(97, 26, '15000.00', '15000.00', '0.00', '0.00', '0.00', 'tunai', NULL, '2025-05-16 17:00:00', '2025-05-17 09:02:27', 'nota_20250517_160227_haris.pdf', 'GD-MMT-22-20250517', 'lunas', NULL, NULL, NULL, 0, 'uhuy', NULL, '2025-05-17 09:02:27', '2025-05-17 09:02:27'),
(98, 61, '15000.00', '15000.00', '0.00', '0.00', '0.00', 'tunai', NULL, '2025-05-16 17:00:00', '2025-05-17 09:05:05', 'nota_20250517_160505_haris.pdf', 'GD-MMT-23-20250517', 'lunas', NULL, NULL, NULL, 0, 'uhuy', NULL, '2025-05-17 09:05:05', '2025-05-17 09:05:05'),
(99, 62, '15000.00', '15000.00', '0.00', '0.00', '0.00', 'tunai', NULL, '2025-05-16 17:00:00', '2025-05-17 09:05:43', 'nota_20250517_160543_haris.pdf', 'GD-MMT-24-20250517', 'lunas', NULL, NULL, NULL, 0, 'uhuy', NULL, '2025-05-17 09:05:43', '2025-05-17 09:05:43'),
(100, 63, '15000.00', '15000.00', '0.00', '0.00', '0.00', 'tunai', NULL, '2025-05-16 17:00:00', '2025-05-17 09:06:30', 'nota_20250517_160630_sdda.pdf', 'GD-MMT-25-20250517', 'lunas', NULL, NULL, NULL, 0, 'uhuy', NULL, '2025-05-17 09:06:30', '2025-05-17 09:06:30'),
(101, 54, '15000.00', '15000.00', '0.00', '0.00', '0.00', 'tunai', NULL, '2025-05-16 17:00:00', '2025-05-17 09:07:26', 'nota_20250517_160726_haris.pdf', 'GD-MMT-26-20250517', 'lunas', NULL, NULL, NULL, 0, 'uhuy', NULL, '2025-05-17 09:07:26', '2025-05-17 09:07:26'),
(102, 64, '15000.00', '15000.00', '0.00', '0.00', '0.00', 'tunai', NULL, '2025-05-16 17:00:00', '2025-05-17 09:10:50', 'nota_20250517_161050_haris.pdf', 'GD-MMT-27-20250517', 'lunas', NULL, NULL, NULL, 0, 'uhuy', NULL, '2025-05-17 09:10:50', '2025-05-17 09:10:50'),
(103, 65, '15000.00', '15000.00', '0.00', '0.00', '0.00', 'tunai', NULL, '2025-05-16 17:00:00', '2025-05-17 09:11:25', 'nota_20250517_161125_test.pdf', 'GD-MMT-28-20250517', 'lunas', NULL, NULL, NULL, 0, 'uhuy', NULL, '2025-05-17 09:11:25', '2025-05-17 09:11:25'),
(104, 66, '15000.00', '15000.00', '0.00', '0.00', '0.00', 'tunai', NULL, '2025-05-16 17:00:00', '2025-05-17 09:15:08', 'nota_20250517_161508_dsadas.pdf', 'GD-MMT-29-20250517', 'lunas', NULL, NULL, NULL, 0, 'uhuy', NULL, '2025-05-17 09:15:08', '2025-05-17 09:15:08'),
(105, 67, '15000.00', '15000.00', '0.00', '0.00', '0.00', 'tunai', NULL, '2025-05-16 17:00:00', '2025-05-17 09:19:46', 'nota_20250517_161946_dsad.pdf', 'GD-MMT-30-20250517', 'lunas', NULL, NULL, NULL, 0, 'uhuy', NULL, '2025-05-17 09:19:46', '2025-05-17 09:19:46'),
(106, 68, '15000.00', '15000.00', '0.00', '0.00', '0.00', 'tunai', NULL, '2025-05-16 17:00:00', '2025-05-17 09:20:22', 'nota_20250517_162022_haris.pdf', 'GD-MMT-31-20250517', 'lunas', NULL, NULL, NULL, 0, 'uhuy', NULL, '2025-05-17 09:20:22', '2025-05-17 09:20:22'),
(107, 23, '15000.00', '15000.00', '0.00', '0.00', '0.00', 'tunai', NULL, '2025-05-16 17:00:00', '2025-05-17 09:24:14', 'nota_20250517_162414_haris.pdf', 'GD-MMT-32-20250517', 'lunas', NULL, NULL, NULL, 0, 'uhuy', NULL, '2025-05-17 09:24:14', '2025-05-17 09:24:14'),
(108, 23, '15000.00', '15000.00', '0.00', '0.00', '0.00', 'tunai', NULL, '2025-05-16 17:00:00', '2025-05-17 09:25:27', 'nota_20250517_162528_haris.pdf', 'GD-MMT-33-20250517', 'lunas', NULL, NULL, NULL, 0, 'uhuy', NULL, '2025-05-17 09:25:27', '2025-05-17 09:25:28'),
(109, 69, '15000.00', '15000.00', '0.00', '0.00', '0.00', 'tunai', NULL, '2025-05-16 17:00:00', '2025-05-17 09:25:57', 'nota_20250517_162557_qewqe.pdf', 'GD-MMT-34-20250517', 'lunas', NULL, NULL, NULL, 0, 'uhuy', NULL, '2025-05-17 09:25:57', '2025-05-17 09:25:57'),
(110, 26, '15000.00', '15000.00', '0.00', '0.00', '0.00', 'tunai', NULL, '2025-05-16 17:00:00', '2025-05-17 09:26:21', 'nota_20250517_162621_haris.pdf', 'GD-MMT-35-20250517', 'lunas', NULL, NULL, NULL, 0, 'uhuy', NULL, '2025-05-17 09:26:21', '2025-05-17 09:26:21'),
(111, 23, '15000.00', '15000.00', '0.00', '0.00', '0.00', 'tunai', NULL, '2025-05-16 17:00:00', '2025-05-17 09:27:21', 'nota_20250517_162722_haris.pdf', 'GD-MMT-36-20250517', 'lunas', NULL, NULL, NULL, 0, 'uhuy', NULL, '2025-05-17 09:27:21', '2025-05-17 09:27:22'),
(112, 23, '15000.00', '15000.00', '0.00', '0.00', '0.00', 'tunai', NULL, '2025-05-16 17:00:00', '2025-05-17 09:28:11', 'nota_20250517_162811_haris.pdf', 'GD-MMT-37-20250517', 'lunas', NULL, NULL, NULL, 0, 'uhuy', NULL, '2025-05-17 09:28:11', '2025-05-17 09:28:11'),
(113, 70, '15000.00', '15000.00', '0.00', '0.00', '0.00', 'tunai', NULL, '2025-05-16 17:00:00', '2025-05-17 09:29:07', 'nota_20250517_162907_haris.pdf', 'GD-MMT-38-20250517', 'lunas', NULL, NULL, NULL, 0, 'uhuy', NULL, '2025-05-17 09:29:07', '2025-05-17 09:29:07'),
(114, 59, '15000.00', '15000.00', '0.00', '0.00', '0.00', 'tunai', NULL, '2025-05-16 17:00:00', '2025-05-17 09:29:34', 'nota_20250517_162934_haris.pdf', 'GD-MMT-39-20250517', 'lunas', NULL, NULL, NULL, 0, 'uhuy', NULL, '2025-05-17 09:29:34', '2025-05-17 09:29:34'),
(115, 71, '15000.00', '15000.00', '0.00', '0.00', '0.00', 'tunai', NULL, '2025-05-16 17:00:00', '2025-05-17 09:30:05', 'nota_20250517_163005_dad.pdf', 'GD-MMT-40-20250517', 'lunas', NULL, NULL, NULL, 0, 'uhuy', NULL, '2025-05-17 09:30:05', '2025-05-17 09:30:05'),
(116, 72, '15000.00', '15000.00', '0.00', '0.00', '0.00', 'tunai', NULL, '2025-05-16 17:00:00', '2025-05-17 09:30:48', 'nota_20250517_163048_dasda.pdf', 'GD-MMT-41-20250517', 'lunas', NULL, NULL, NULL, 0, 'uhuy', NULL, '2025-05-17 09:30:48', '2025-05-17 09:30:48');

-- --------------------------------------------------------

--
-- Table structure for table `transaction_items`
--

CREATE TABLE `transaction_items` (
  `id` bigint UNSIGNED NOT NULL,
  `transaction_id` bigint UNSIGNED NOT NULL,
  `tipe_produk_id` bigint UNSIGNED DEFAULT NULL,
  `panjang` decimal(8,2) NOT NULL DEFAULT '0.00',
  `lebar` decimal(8,2) NOT NULL DEFAULT '0.00',
  `harga_per_meter` decimal(15,2) NOT NULL DEFAULT '0.00',
  `keterangan` text COLLATE utf8mb4_unicode_ci,
  `createdBy` varchar(250) COLLATE utf8mb4_unicode_ci DEFAULT NULL,
  `updatedBy` varchar(250) COLLATE utf8mb4_unicode_ci DEFAULT NULL,
  `deleteSts` tinyint NOT NULL DEFAULT '0',
  `created_at` timestamp NULL DEFAULT NULL,
  `updated_at` timestamp NULL DEFAULT NULL
) ENGINE=InnoDB DEFAULT CHARSET=utf8mb4 COLLATE=utf8mb4_unicode_ci;

--
-- Dumping data for table `transaction_items`
--

INSERT INTO `transaction_items` (`id`, `transaction_id`, `tipe_produk_id`, `panjang`, `lebar`, `harga_per_meter`, `keterangan`, `createdBy`, `updatedBy`, `deleteSts`, `created_at`, `updated_at`) VALUES
(58, 46, 19, '10.00', '1.00', '25000.00', 'LUNAS', 'Haris', NULL, 0, '2025-05-04 07:04:50', '2025-05-04 07:04:50'),
(59, 47, 19, '5.00', '2.00', '25000.00', 'YANG BAGUS', 'Haris', NULL, 0, '2025-05-04 07:06:31', '2025-05-04 07:06:31'),
(60, 47, 20, '10.00', '10.00', '5000.00', 'INI JUGA', 'Haris', NULL, 0, '2025-05-04 07:06:31', '2025-05-04 07:06:31'),
(61, 48, 19, '10.00', '10.00', '25000.00', NULL, 'Haris', NULL, 0, '2025-05-04 07:34:08', '2025-05-04 07:34:08'),
(62, 49, 19, '10.00', '10.00', '25000.00', '321', 'Haris', NULL, 0, '2025-05-04 07:38:29', '2025-05-04 07:38:29'),
(63, 50, 19, '10.00', '10.00', '25000.00', '321', 'Haris', NULL, 0, '2025-05-04 07:40:26', '2025-05-04 07:40:26'),
(64, 51, 19, '10.00', '10.00', '25000.00', NULL, 'Haris', NULL, 0, '2025-05-04 07:41:25', '2025-05-04 07:41:25'),
(65, 52, 20, '10.00', '10.00', '5000.00', NULL, 'Haris', NULL, 0, '2025-05-04 07:43:39', '2025-05-04 07:43:39'),
(66, 53, 19, '10.00', '10.00', '25000.00', NULL, 'Haris', NULL, 0, '2025-05-04 07:46:45', '2025-05-04 07:46:45'),
(67, 54, 19, '10.00', '10.00', '25000.00', NULL, 'Haris', NULL, 0, '2025-05-04 07:47:34', '2025-05-04 07:47:34'),
(68, 55, 19, '1.00', '1.00', '25000.00', NULL, 'Haris', NULL, 0, '2025-05-04 07:50:45', '2025-05-04 07:50:45'),
(69, 56, 20, '10.00', '10.00', '5000.00', NULL, 'Haris', NULL, 0, '2025-05-04 07:54:50', '2025-05-04 07:54:50'),
(70, 57, 19, '10.00', '10.00', '25000.00', NULL, 'Haris', NULL, 0, '2025-05-04 08:01:57', '2025-05-04 08:01:57'),
(71, 58, 20, '10.00', '10.00', '5000.00', 'DSA', 'Haris', NULL, 0, '2025-05-04 08:04:45', '2025-05-04 08:04:45'),
(72, 59, 20, '5.00', '5.00', '5000.00', NULL, 'Haris', NULL, 0, '2025-05-04 08:07:04', '2025-05-04 08:07:04'),
(73, 60, 20, '10.00', '10.00', '5000.00', NULL, 'Haris', NULL, 0, '2025-05-04 08:12:40', '2025-05-04 08:12:40'),
(74, 61, 19, '10.00', '10.00', '25000.00', NULL, 'Haris', NULL, 0, '2025-05-04 08:14:53', '2025-05-04 08:14:53'),
(75, 62, 19, '10.00', '10.00', '25000.00', NULL, 'Haris', NULL, 0, '2025-05-04 08:20:29', '2025-05-04 08:20:29'),
(76, 63, 19, '10.00', '10.00', '25000.00', NULL, 'Haris', NULL, 0, '2025-05-04 08:24:00', '2025-05-04 08:24:00'),
(77, 64, 19, '10.00', '10.00', '25000.00', NULL, 'Haris', NULL, 0, '2025-05-04 08:27:51', '2025-05-04 08:27:51'),
(78, 65, 19, '10.00', '10.00', '25000.00', NULL, 'Haris', NULL, 0, '2025-05-04 08:28:38', '2025-05-04 08:28:38'),
(79, 66, 19, '10.00', '10.00', '25000.00', NULL, 'Haris', NULL, 0, '2025-05-04 08:32:20', '2025-05-04 08:32:20'),
(80, 67, 19, '10.00', '10.00', '25000.00', NULL, 'uhuy', NULL, 0, '2025-05-07 09:31:54', '2025-05-07 09:31:54'),
(81, 68, 19, '10.00', '10.00', '25000.00', 'test', 'uhuy', NULL, 0, '2025-05-07 09:36:36', '2025-05-07 09:36:36'),
(82, 69, 26, '10.00', '10.00', '15000.00', NULL, 'uhuy', NULL, 0, '2025-05-11 01:01:24', '2025-05-11 01:01:24'),
(83, 70, 26, '10.00', '10.00', '15000.00', NULL, 'uhuy', NULL, 0, '2025-05-11 01:03:56', '2025-05-11 01:03:56'),
(84, 71, 26, '10.00', '10.00', '15000.00', NULL, 'uhuy', NULL, 0, '2025-05-11 01:04:36', '2025-05-11 01:04:36'),
(85, 72, 26, '10.00', '10.00', '15000.00', NULL, 'uhuy', NULL, 0, '2025-05-11 01:05:12', '2025-05-11 01:05:12'),
(86, 73, 26, '10.00', '10.00', '15000.00', NULL, 'uhuy', NULL, 0, '2025-05-11 01:08:48', '2025-05-11 01:08:48'),
(87, 74, 26, '10.00', '10.00', '15000.00', NULL, 'uhuy', NULL, 0, '2025-05-11 01:09:29', '2025-05-11 01:09:29'),
(88, 75, 26, '10.00', '10.00', '15000.00', NULL, 'uhuy', NULL, 0, '2025-05-11 01:11:13', '2025-05-11 01:11:13'),
(89, 76, 26, '1.00', '1.00', '15000.00', NULL, 'uhuy', NULL, 0, '2025-05-17 08:25:00', '2025-05-17 08:25:00'),
(90, 76, 26, '1.00', '1.00', '15000.00', 'dadad', 'uhuy', NULL, 0, '2025-05-17 08:25:00', '2025-05-17 08:25:00'),
(91, 77, 26, '1.00', '1.00', '15000.00', 'dsa', 'uhuy', NULL, 0, '2025-05-17 08:28:21', '2025-05-17 08:28:21'),
(92, 77, 26, '1.00', '1.00', '15000.00', 'dsa', 'uhuy', NULL, 0, '2025-05-17 08:28:21', '2025-05-17 08:28:21'),
(93, 78, 26, '1.00', '1.00', '15000.00', 'da', 'uhuy', NULL, 0, '2025-05-17 08:29:39', '2025-05-17 08:29:39'),
(94, 78, 26, '1.00', '1.00', '15000.00', 'dsa', 'uhuy', NULL, 0, '2025-05-17 08:29:39', '2025-05-17 08:29:39'),
(95, 79, 26, '1.00', '1.00', '15000.00', 'ads', 'uhuy', NULL, 0, '2025-05-17 08:31:23', '2025-05-17 08:31:23'),
(96, 79, 26, '1.00', '1.00', '15000.00', 'sda', 'uhuy', NULL, 0, '2025-05-17 08:31:23', '2025-05-17 08:31:23'),
(97, 80, 26, '1.00', '1.00', '15000.00', 'dsa', 'uhuy', NULL, 0, '2025-05-17 08:35:23', '2025-05-17 08:35:23'),
(98, 80, 26, '1.00', '1.00', '15000.00', 'dsa', 'uhuy', NULL, 0, '2025-05-17 08:35:23', '2025-05-17 08:35:23'),
(99, 81, 26, '1.00', '1.00', '15000.00', NULL, 'uhuy', NULL, 0, '2025-05-17 08:38:32', '2025-05-17 08:38:32'),
(100, 82, 26, '1.00', '1.00', '15000.00', NULL, 'uhuy', NULL, 0, '2025-05-17 08:39:07', '2025-05-17 08:39:07'),
(101, 83, 26, '1.00', '1.00', '15000.00', NULL, 'uhuy', NULL, 0, '2025-05-17 08:41:44', '2025-05-17 08:41:44'),
(102, 84, 26, '1.00', '1.00', '15000.00', NULL, 'uhuy', NULL, 0, '2025-05-17 08:42:59', '2025-05-17 08:42:59'),
(103, 85, 26, '1.00', '1.00', '15000.00', NULL, 'uhuy', NULL, 0, '2025-05-17 08:46:03', '2025-05-17 08:46:03'),
(104, 86, 26, '1.00', '1.00', '15000.00', NULL, 'uhuy', NULL, 0, '2025-05-17 08:49:25', '2025-05-17 08:49:25'),
(105, 87, 26, '1.00', '1.00', '15000.00', NULL, 'uhuy', NULL, 0, '2025-05-17 08:54:16', '2025-05-17 08:54:16'),
(106, 88, 26, '1.00', '1.00', '15000.00', NULL, 'uhuy', NULL, 0, '2025-05-17 08:55:10', '2025-05-17 08:55:10'),
(107, 89, 26, '1.00', '1.00', '15000.00', NULL, 'uhuy', NULL, 0, '2025-05-17 08:55:49', '2025-05-17 08:55:49'),
(108, 90, 26, '1.00', '1.00', '15000.00', NULL, 'uhuy', NULL, 0, '2025-05-17 08:56:18', '2025-05-17 08:56:18'),
(109, 91, 26, '1.00', '1.00', '15000.00', NULL, 'uhuy', NULL, 0, '2025-05-17 08:57:07', '2025-05-17 08:57:07'),
(110, 92, 26, '1.00', '1.00', '15000.00', NULL, 'uhuy', NULL, 0, '2025-05-17 08:57:35', '2025-05-17 08:57:35'),
(111, 93, 26, '1.00', '1.00', '15000.00', NULL, 'uhuy', NULL, 0, '2025-05-17 08:58:51', '2025-05-17 08:58:51'),
(112, 94, 26, '1.00', '1.00', '15000.00', NULL, 'uhuy', NULL, 0, '2025-05-17 08:59:25', '2025-05-17 08:59:25'),
(113, 95, 26, '1.00', '1.00', '15000.00', NULL, 'uhuy', NULL, 0, '2025-05-17 09:00:01', '2025-05-17 09:00:01'),
(114, 96, 26, '1.00', '1.00', '15000.00', NULL, 'uhuy', NULL, 0, '2025-05-17 09:00:51', '2025-05-17 09:00:51'),
(115, 97, 26, '1.00', '1.00', '15000.00', NULL, 'uhuy', NULL, 0, '2025-05-17 09:02:27', '2025-05-17 09:02:27'),
(116, 98, 26, '1.00', '1.00', '15000.00', NULL, 'uhuy', NULL, 0, '2025-05-17 09:05:05', '2025-05-17 09:05:05'),
(117, 99, 26, '1.00', '1.00', '15000.00', NULL, 'uhuy', NULL, 0, '2025-05-17 09:05:43', '2025-05-17 09:05:43'),
(118, 100, 26, '1.00', '1.00', '15000.00', 'da', 'uhuy', NULL, 0, '2025-05-17 09:06:30', '2025-05-17 09:06:30'),
(119, 101, 26, '1.00', '1.00', '15000.00', NULL, 'uhuy', NULL, 0, '2025-05-17 09:07:26', '2025-05-17 09:07:26'),
(120, 102, 26, '1.00', '1.00', '15000.00', NULL, 'uhuy', NULL, 0, '2025-05-17 09:10:50', '2025-05-17 09:10:50'),
(121, 103, 26, '1.00', '1.00', '15000.00', NULL, 'uhuy', NULL, 0, '2025-05-17 09:11:25', '2025-05-17 09:11:25'),
(122, 104, 26, '1.00', '1.00', '15000.00', NULL, 'uhuy', NULL, 0, '2025-05-17 09:15:08', '2025-05-17 09:15:08'),
(123, 105, 26, '1.00', '1.00', '15000.00', NULL, 'uhuy', NULL, 0, '2025-05-17 09:19:46', '2025-05-17 09:19:46'),
(124, 106, 26, '1.00', '1.00', '15000.00', NULL, 'uhuy', NULL, 0, '2025-05-17 09:20:22', '2025-05-17 09:20:22'),
(125, 107, 26, '1.00', '1.00', '15000.00', NULL, 'uhuy', NULL, 0, '2025-05-17 09:24:14', '2025-05-17 09:24:14'),
(126, 108, 26, '1.00', '1.00', '15000.00', NULL, 'uhuy', NULL, 0, '2025-05-17 09:25:27', '2025-05-17 09:25:27'),
(127, 109, 26, '1.00', '1.00', '15000.00', NULL, 'uhuy', NULL, 0, '2025-05-17 09:25:57', '2025-05-17 09:25:57'),
(128, 110, 26, '1.00', '1.00', '15000.00', NULL, 'uhuy', NULL, 0, '2025-05-17 09:26:21', '2025-05-17 09:26:21'),
(129, 111, 26, '1.00', '1.00', '15000.00', NULL, 'uhuy', NULL, 0, '2025-05-17 09:27:21', '2025-05-17 09:27:21'),
(130, 112, 26, '1.00', '1.00', '15000.00', NULL, 'uhuy', NULL, 0, '2025-05-17 09:28:11', '2025-05-17 09:28:11'),
(131, 113, 26, '1.00', '1.00', '15000.00', NULL, 'uhuy', NULL, 0, '2025-05-17 09:29:07', '2025-05-17 09:29:07'),
(132, 114, 26, '1.00', '1.00', '15000.00', NULL, 'uhuy', NULL, 0, '2025-05-17 09:29:34', '2025-05-17 09:29:34'),
(133, 115, 26, '1.00', '1.00', '15000.00', NULL, 'uhuy', NULL, 0, '2025-05-17 09:30:05', '2025-05-17 09:30:05'),
(134, 116, 26, '1.00', '1.00', '15000.00', NULL, 'uhuy', NULL, 0, '2025-05-17 09:30:48', '2025-05-17 09:30:48');

-- --------------------------------------------------------

--
-- Table structure for table `users`
--

CREATE TABLE `users` (
  `id` bigint UNSIGNED NOT NULL,
  `name` varchar(255) COLLATE utf8mb4_unicode_ci NOT NULL,
  `username` varchar(255) COLLATE utf8mb4_unicode_ci NOT NULL,
  `password` varchar(255) COLLATE utf8mb4_unicode_ci NOT NULL,
  `role_id` varchar(255) CHARACTER SET utf8mb4 COLLATE utf8mb4_unicode_ci DEFAULT NULL,
  `deleteSts` varchar(255) COLLATE utf8mb4_unicode_ci NOT NULL,
  `remember_token` varchar(100) COLLATE utf8mb4_unicode_ci DEFAULT NULL,
  `created_at` timestamp NULL DEFAULT NULL,
  `updated_at` timestamp NULL DEFAULT NULL
) ENGINE=InnoDB DEFAULT CHARSET=utf8mb4 COLLATE=utf8mb4_unicode_ci;

--
-- Dumping data for table `users`
--

INSERT INTO `users` (`id`, `name`, `username`, `password`, `role_id`, `deleteSts`, `remember_token`, `created_at`, `updated_at`) VALUES
(1, 'Haris', 'haris12', '$2y$12$Xuj3oMxbyWikuecJx2rrk.7uJ8EI78W/kjuhL6Kf.3ehXkDfUuLT.', '7', '0', NULL, '2025-04-13 02:39:51', '2025-04-16 08:52:44'),
(2, 'haris', 'test', '$2y$12$n9WLb0yewdMZG/lChpGCROI3As4z7HG3vLx949ti/8YRQ5agJeKjq', '1', '1', NULL, '2025-04-16 08:24:39', '2025-04-16 09:02:53'),
(3, 'uhuy', 'uhuy', '$2y$12$3/LO86OO2olURWcBOkZEaePRFPHXG.HgiWb6AqrITSwZScdjBqO7m', '1', '0', NULL, '2025-04-16 08:40:36', '2025-04-16 08:40:36'),
(4, 'uhuy', 'uhuyss', '$2y$12$diABOAmm/YrKbu/7WNns1Om2v5X4sL3TV.zjlp5kJBdHexbUWi5S6', NULL, '0', NULL, '2025-04-16 08:43:09', '2025-04-16 08:43:09'),
(5, 'eng ing eng', 'engg', '$2y$12$0mCGuS/87FyndcFTlFhLQePNG3w03GZENM.CrwT5EK7Vfe1UyWmfm', '2', '0', NULL, '2025-04-16 08:44:18', '2025-04-16 08:44:18'),
(6, 'aku baru sekali', 'baru', '$2y$12$yystwAHXmuNnxq6aNmGju.XEnsHW3wS1N0Xl6qi8SmtBE3LoBPoFO', '5', '0', NULL, '2025-04-16 09:00:51', '2025-04-16 09:02:46');

--
-- Indexes for dumped tables
--

--
-- Indexes for table `cache`
--
ALTER TABLE `cache`
  ADD PRIMARY KEY (`key`);

--
-- Indexes for table `cache_locks`
--
ALTER TABLE `cache_locks`
  ADD PRIMARY KEY (`key`);

--
-- Indexes for table `customers`
--
ALTER TABLE `customers`
  ADD PRIMARY KEY (`id`);

--
-- Indexes for table `failed_jobs`
--
ALTER TABLE `failed_jobs`
  ADD PRIMARY KEY (`id`),
  ADD UNIQUE KEY `failed_jobs_uuid_unique` (`uuid`);

--
-- Indexes for table `historynotas`
--
ALTER TABLE `historynotas`
  ADD PRIMARY KEY (`id`),
  ADD KEY `historynotas_transaction_id_foreign` (`transaction_id`),
  ADD KEY `historynotas_customer_id_foreign` (`customer_id`);

--
-- Indexes for table `history_payments`
--
ALTER TABLE `history_payments`
  ADD PRIMARY KEY (`id`);

--
-- Indexes for table `jobs`
--
ALTER TABLE `jobs`
  ADD PRIMARY KEY (`id`),
  ADD KEY `jobs_queue_index` (`queue`);

--
-- Indexes for table `job_batches`
--
ALTER TABLE `job_batches`
  ADD PRIMARY KEY (`id`);

--
-- Indexes for table `migrations`
--
ALTER TABLE `migrations`
  ADD PRIMARY KEY (`id`);

--
-- Indexes for table `password_reset_tokens`
--
ALTER TABLE `password_reset_tokens`
  ADD PRIMARY KEY (`email`);

--
-- Indexes for table `produks`
--
ALTER TABLE `produks`
  ADD PRIMARY KEY (`id`);

--
-- Indexes for table `produk_bahans`
--
ALTER TABLE `produk_bahans`
  ADD PRIMARY KEY (`id`),
  ADD KEY `produk_bahans_produk_id_foreign` (`produk_id`);

--
-- Indexes for table `roles`
--
ALTER TABLE `roles`
  ADD PRIMARY KEY (`id`);

--
-- Indexes for table `sessions`
--
ALTER TABLE `sessions`
  ADD PRIMARY KEY (`id`),
  ADD KEY `sessions_user_id_index` (`user_id`),
  ADD KEY `sessions_last_activity_index` (`last_activity`);

--
-- Indexes for table `transactions`
--
ALTER TABLE `transactions`
  ADD PRIMARY KEY (`id`),
  ADD KEY `transactions_customer_id_foreign` (`customer_id`);

--
-- Indexes for table `transaction_items`
--
ALTER TABLE `transaction_items`
  ADD PRIMARY KEY (`id`),
  ADD KEY `transaction_items_transaction_id_foreign` (`transaction_id`);

--
-- Indexes for table `users`
--
ALTER TABLE `users`
  ADD PRIMARY KEY (`id`);

--
-- AUTO_INCREMENT for dumped tables
--

--
-- AUTO_INCREMENT for table `customers`
--
ALTER TABLE `customers`
  MODIFY `id` bigint UNSIGNED NOT NULL AUTO_INCREMENT, AUTO_INCREMENT=73;

--
-- AUTO_INCREMENT for table `failed_jobs`
--
ALTER TABLE `failed_jobs`
  MODIFY `id` bigint UNSIGNED NOT NULL AUTO_INCREMENT;

--
-- AUTO_INCREMENT for table `historynotas`
--
ALTER TABLE `historynotas`
  MODIFY `id` bigint UNSIGNED NOT NULL AUTO_INCREMENT, AUTO_INCREMENT=87;

--
-- AUTO_INCREMENT for table `history_payments`
--
ALTER TABLE `history_payments`
  MODIFY `id` bigint UNSIGNED NOT NULL AUTO_INCREMENT, AUTO_INCREMENT=111;

--
-- AUTO_INCREMENT for table `jobs`
--
ALTER TABLE `jobs`
  MODIFY `id` bigint UNSIGNED NOT NULL AUTO_INCREMENT;

--
-- AUTO_INCREMENT for table `migrations`
--
ALTER TABLE `migrations`
  MODIFY `id` int UNSIGNED NOT NULL AUTO_INCREMENT, AUTO_INCREMENT=16;

--
-- AUTO_INCREMENT for table `produks`
--
ALTER TABLE `produks`
  MODIFY `id` bigint UNSIGNED NOT NULL AUTO_INCREMENT, AUTO_INCREMENT=17;

--
-- AUTO_INCREMENT for table `produk_bahans`
--
ALTER TABLE `produk_bahans`
  MODIFY `id` bigint UNSIGNED NOT NULL AUTO_INCREMENT, AUTO_INCREMENT=27;

--
-- AUTO_INCREMENT for table `roles`
--
ALTER TABLE `roles`
  MODIFY `id` bigint UNSIGNED NOT NULL AUTO_INCREMENT, AUTO_INCREMENT=8;

--
-- AUTO_INCREMENT for table `transactions`
--
ALTER TABLE `transactions`
  MODIFY `id` bigint UNSIGNED NOT NULL AUTO_INCREMENT, AUTO_INCREMENT=117;

--
-- AUTO_INCREMENT for table `transaction_items`
--
ALTER TABLE `transaction_items`
  MODIFY `id` bigint UNSIGNED NOT NULL AUTO_INCREMENT, AUTO_INCREMENT=135;

--
-- AUTO_INCREMENT for table `users`
--
ALTER TABLE `users`
  MODIFY `id` bigint UNSIGNED NOT NULL AUTO_INCREMENT, AUTO_INCREMENT=7;

--
-- Constraints for dumped tables
--

--
-- Constraints for table `historynotas`
--
ALTER TABLE `historynotas`
  ADD CONSTRAINT `historynotas_customer_id_foreign` FOREIGN KEY (`customer_id`) REFERENCES `customers` (`id`) ON DELETE CASCADE,
  ADD CONSTRAINT `historynotas_transaction_id_foreign` FOREIGN KEY (`transaction_id`) REFERENCES `transactions` (`id`) ON DELETE CASCADE;

--
-- Constraints for table `produk_bahans`
--
ALTER TABLE `produk_bahans`
  ADD CONSTRAINT `produk_bahans_produk_id_foreign` FOREIGN KEY (`produk_id`) REFERENCES `produks` (`id`) ON DELETE CASCADE;

--
-- Constraints for table `transactions`
--
ALTER TABLE `transactions`
  ADD CONSTRAINT `transactions_customer_id_foreign` FOREIGN KEY (`customer_id`) REFERENCES `customers` (`id`) ON DELETE CASCADE;

--
-- Constraints for table `transaction_items`
--
ALTER TABLE `transaction_items`
  ADD CONSTRAINT `transaction_items_transaction_id_foreign` FOREIGN KEY (`transaction_id`) REFERENCES `transactions` (`id`) ON DELETE CASCADE;
COMMIT;

/*!40101 SET CHARACTER_SET_CLIENT=@OLD_CHARACTER_SET_CLIENT */;
/*!40101 SET CHARACTER_SET_RESULTS=@OLD_CHARACTER_SET_RESULTS */;
/*!40101 SET COLLATION_CONNECTION=@OLD_COLLATION_CONNECTION */;
